~/Desktop/AV/IMG/img_1.jpg,12.75,25
~/Desktop/AV/IMG/img_2.jpg,12.75,25
~/Desktop/AV/IMG/img_3.jpg,12.75,25
~/Desktop/AV/IMG/img_4.jpg,12.75,25
~/Desktop/AV/IMG/img_5.jpg,12.75,25
~/Desktop/AV/IMG/img_6.jpg,12.75,25
~/Desktop/AV/IMG/img_7.jpg,12.75,25
~/Desktop/AV/IMG/img_8.jpg,12.75,25
~/Desktop/AV/IMG/img_9.jpg,12.75,25
~/Desktop/AV/IMG/img_10.jpg,12.75,25
~/Desktop/AV/IMG/img_11.jpg,12.75,25
~/Desktop/AV/IMG/img_12.jpg,12.75,25
~/Desktop/AV/IMG/img_13.jpg,12.75,45
~/Desktop/AV/IMG/img_14.jpg,12.75,45
~/Desktop/AV/IMG/img_15.jpg,12.75,45
~/Desktop/AV/IMG/img_16.jpg,12.75,45
~/Desktop/AV/IMG/img_17.jpg,12.75,45
~/Desktop/AV/IMG/img_18.jpg,12.75,45
~/Desktop/AV/IMG/img_19.jpg,12.75,45
~/Desktop/AV/IMG/img_20.jpg,12.75,45
~/Desktop/AV/IMG/img_21.jpg,12.75,45
~/Desktop/AV/IMG/img_22.jpg,12.75,45
~/Desktop/AV/IMG/img_23.jpg,15,45
~/Desktop/AV/IMG/img_24.jpg,15,45
~/Desktop/AV/IMG/img_25.jpg,15,45
~/Desktop/AV/IMG/img_26.jpg,12.75,45
~/Desktop/AV/IMG/img_27.jpg,12.75,45
~/Desktop/AV/IMG/img_28.jpg,12.75,45
~/Desktop/AV/IMG/img_29.jpg,12.75,45
~/Desktop/AV/IMG/img_30.jpg,12.75,45
~/Desktop/AV/IMG/img_31.jpg,12.75,45
~/Desktop/AV/IMG/img_32.jpg,12.75,45
~/Desktop/AV/IMG/img_33.jpg,12.75,45
~/Desktop/AV/IMG/img_34.jpg,12.75,45
~/Desktop/AV/IMG/img_35.jpg,12.75,45
~/Desktop/AV/IMG/img_36.jpg,12.75,45
~/Desktop/AV/IMG/img_37.jpg,9.3,45
~/Desktop/AV/IMG/img_38.jpg,9.3,45
~/Desktop/AV/IMG/img_39.jpg,9.3,45
~/Desktop/AV/IMG/img_40.jpg,9.3,45
~/Desktop/AV/IMG/img_41.jpg,9.3,45
~/Desktop/AV/IMG/img_42.jpg,9.3,45
~/Desktop/AV/IMG/img_43.jpg,9.3,45
~/Desktop/AV/IMG/img_44.jpg,9.3,45
~/Desktop/AV/IMG/img_45.jpg,9.3,45
~/Desktop/AV/IMG/img_46.jpg,9.3,45
~/Desktop/AV/IMG/img_47.jpg,9.3,45
~/Desktop/AV/IMG/img_48.jpg,9.3,45
~/Desktop/AV/IMG/img_49.jpg,9.3,45
~/Desktop/AV/IMG/img_50.jpg,9.3,45
~/Desktop/AV/IMG/img_51.jpg,9.3,45
~/Desktop/AV/IMG/img_52.jpg,9.3,45
~/Desktop/AV/IMG/img_53.jpg,9.3,45
~/Desktop/AV/IMG/img_54.jpg,9.3,45
~/Desktop/AV/IMG/img_55.jpg,9.3,45
~/Desktop/AV/IMG/img_56.jpg,9.3,45
~/Desktop/AV/IMG/img_57.jpg,9.3,45
~/Desktop/AV/IMG/img_58.jpg,12.75,45
~/Desktop/AV/IMG/img_59.jpg,12.75,45
~/Desktop/AV/IMG/img_60.jpg,12.75,45
~/Desktop/AV/IMG/img_61.jpg,12.75,45
~/Desktop/AV/IMG/img_62.jpg,12.75,45
~/Desktop/AV/IMG/img_63.jpg,12.75,45
~/Desktop/AV/IMG/img_64.jpg,12.75,45
~/Desktop/AV/IMG/img_65.jpg,12.75,45
~/Desktop/AV/IMG/img_66.jpg,12.75,45
~/Desktop/AV/IMG/img_67.jpg,12.75,45
~/Desktop/AV/IMG/img_68.jpg,12.75,45
~/Desktop/AV/IMG/img_69.jpg,12.75,45
~/Desktop/AV/IMG/img_70.jpg,12.75,45
~/Desktop/AV/IMG/img_71.jpg,12.75,45
~/Desktop/AV/IMG/img_72.jpg,12.75,45
~/Desktop/AV/IMG/img_73.jpg,12.75,45
~/Desktop/AV/IMG/img_74.jpg,12.75,45
~/Desktop/AV/IMG/img_75.jpg,9.3,45
~/Desktop/AV/IMG/img_76.jpg,9.3,45
~/Desktop/AV/IMG/img_77.jpg,9.3,45
~/Desktop/AV/IMG/img_78.jpg,9.3,45
~/Desktop/AV/IMG/img_79.jpg,9.3,45
~/Desktop/AV/IMG/img_80.jpg,9.3,45
~/Desktop/AV/IMG/img_81.jpg,9.3,45
~/Desktop/AV/IMG/img_82.jpg,9.3,45
~/Desktop/AV/IMG/img_83.jpg,9.3,45
~/Desktop/AV/IMG/img_84.jpg,9.3,45
~/Desktop/AV/IMG/img_85.jpg,9.3,45
~/Desktop/AV/IMG/img_86.jpg,9.3,45
~/Desktop/AV/IMG/img_87.jpg,9.3,45
~/Desktop/AV/IMG/img_88.jpg,9.3,45
~/Desktop/AV/IMG/img_89.jpg,9.3,45
~/Desktop/AV/IMG/img_90.jpg,9.3,45
~/Desktop/AV/IMG/img_91.jpg,9.3,45
~/Desktop/AV/IMG/img_92.jpg,9.3,45
~/Desktop/AV/IMG/img_93.jpg,9.3,45
~/Desktop/AV/IMG/img_94.jpg,9.3,45
~/Desktop/AV/IMG/img_95.jpg,9.3,45
~/Desktop/AV/IMG/img_96.jpg,9.3,45
~/Desktop/AV/IMG/img_97.jpg,9.3,45
~/Desktop/AV/IMG/img_98.jpg,9.3,45
~/Desktop/AV/IMG/img_99.jpg,9.3,45
~/Desktop/AV/IMG/img_100.jpg,9.3,45
~/Desktop/AV/IMG/img_101.jpg,9.3,45
~/Desktop/AV/IMG/img_102.jpg,9.3,45
~/Desktop/AV/IMG/img_103.jpg,9.3,45
~/Desktop/AV/IMG/img_104.jpg,12.75,45
~/Desktop/AV/IMG/img_105.jpg,12.75,45
~/Desktop/AV/IMG/img_106.jpg,12.75,45
~/Desktop/AV/IMG/img_107.jpg,12.75,45
~/Desktop/AV/IMG/img_108.jpg,12.75,45
~/Desktop/AV/IMG/img_109.jpg,12.75,45
~/Desktop/AV/IMG/img_110.jpg,12.75,45
~/Desktop/AV/IMG/img_111.jpg,12.75,45
~/Desktop/AV/IMG/img_112.jpg,12.75,45
~/Desktop/AV/IMG/img_113.jpg,12.75,45
~/Desktop/AV/IMG/img_114.jpg,12.75,45
~/Desktop/AV/IMG/img_115.jpg,12.75,45
~/Desktop/AV/IMG/img_116.jpg,12.75,45
~/Desktop/AV/IMG/img_117.jpg,12.75,45
~/Desktop/AV/IMG/img_118.jpg,15,45
~/Desktop/AV/IMG/img_119.jpg,15,45
~/Desktop/AV/IMG/img_120.jpg,15,45
~/Desktop/AV/IMG/img_121.jpg,15,45
~/Desktop/AV/IMG/img_122.jpg,15,45
~/Desktop/AV/IMG/img_123.jpg,12.75,45
~/Desktop/AV/IMG/img_124.jpg,12.75,45
~/Desktop/AV/IMG/img_125.jpg,12.75,45
~/Desktop/AV/IMG/img_126.jpg,12.75,45
~/Desktop/AV/IMG/img_127.jpg,12.75,45
~/Desktop/AV/IMG/img_128.jpg,12.75,45
~/Desktop/AV/IMG/img_129.jpg,12.75,45
~/Desktop/AV/IMG/img_130.jpg,12.75,45
~/Desktop/AV/IMG/img_131.jpg,12.75,45
~/Desktop/AV/IMG/img_132.jpg,9.3,45
~/Desktop/AV/IMG/img_133.jpg,9.3,45
~/Desktop/AV/IMG/img_134.jpg,9.3,45
~/Desktop/AV/IMG/img_135.jpg,9.3,45
~/Desktop/AV/IMG/img_136.jpg,9.3,45
~/Desktop/AV/IMG/img_137.jpg,9.3,45
~/Desktop/AV/IMG/img_138.jpg,9.3,45
~/Desktop/AV/IMG/img_139.jpg,9.3,45
~/Desktop/AV/IMG/img_140.jpg,9.3,45
~/Desktop/AV/IMG/img_141.jpg,9.3,45
~/Desktop/AV/IMG/img_142.jpg,9.3,45
~/Desktop/AV/IMG/img_143.jpg,9.3,45
~/Desktop/AV/IMG/img_144.jpg,9.3,45
~/Desktop/AV/IMG/img_145.jpg,9.3,45
~/Desktop/AV/IMG/img_146.jpg,9.3,45
~/Desktop/AV/IMG/img_147.jpg,9.3,45
~/Desktop/AV/IMG/img_148.jpg,9.3,45
~/Desktop/AV/IMG/img_149.jpg,9.3,45
~/Desktop/AV/IMG/img_150.jpg,9.3,45
~/Desktop/AV/IMG/img_151.jpg,9.3,45
~/Desktop/AV/IMG/img_152.jpg,12.75,45
~/Desktop/AV/IMG/img_153.jpg,12.75,45
~/Desktop/AV/IMG/img_154.jpg,12.75,45
~/Desktop/AV/IMG/img_155.jpg,12.75,45
~/Desktop/AV/IMG/img_156.jpg,12.75,45
~/Desktop/AV/IMG/img_157.jpg,12.75,45
~/Desktop/AV/IMG/img_158.jpg,12.75,45
~/Desktop/AV/IMG/img_159.jpg,12.75,45
~/Desktop/AV/IMG/img_160.jpg,12.75,45
~/Desktop/AV/IMG/img_161.jpg,12.75,45
~/Desktop/AV/IMG/img_162.jpg,12.75,45
~/Desktop/AV/IMG/img_163.jpg,9.3,45
~/Desktop/AV/IMG/img_164.jpg,9.3,45
~/Desktop/AV/IMG/img_165.jpg,9.3,45
~/Desktop/AV/IMG/img_166.jpg,9.3,45
~/Desktop/AV/IMG/img_167.jpg,9.3,45
~/Desktop/AV/IMG/img_168.jpg,9.3,45
~/Desktop/AV/IMG/img_169.jpg,9.3,45
~/Desktop/AV/IMG/img_170.jpg,9.3,45
~/Desktop/AV/IMG/img_171.jpg,9.3,45
~/Desktop/AV/IMG/img_172.jpg,9.3,45
~/Desktop/AV/IMG/img_173.jpg,9.3,45
~/Desktop/AV/IMG/img_174.jpg,9.3,45
~/Desktop/AV/IMG/img_175.jpg,9.3,45
~/Desktop/AV/IMG/img_176.jpg,9.3,45
~/Desktop/AV/IMG/img_177.jpg,9.3,45
~/Desktop/AV/IMG/img_178.jpg,9.3,45
~/Desktop/AV/IMG/img_179.jpg,9.3,45
~/Desktop/AV/IMG/img_180.jpg,9.3,45
~/Desktop/AV/IMG/img_181.jpg,9.3,45
~/Desktop/AV/IMG/img_182.jpg,9.3,45
~/Desktop/AV/IMG/img_183.jpg,9.3,45
~/Desktop/AV/IMG/img_184.jpg,9.3,45
~/Desktop/AV/IMG/img_185.jpg,9.3,45
~/Desktop/AV/IMG/img_186.jpg,9.3,45
~/Desktop/AV/IMG/img_187.jpg,9.3,45
~/Desktop/AV/IMG/img_188.jpg,9.3,45
~/Desktop/AV/IMG/img_189.jpg,9.3,45
~/Desktop/AV/IMG/img_190.jpg,9.3,45
~/Desktop/AV/IMG/img_191.jpg,9.3,45
~/Desktop/AV/IMG/img_192.jpg,12.75,45
~/Desktop/AV/IMG/img_193.jpg,12.75,45
~/Desktop/AV/IMG/img_194.jpg,12.75,45
~/Desktop/AV/IMG/img_195.jpg,12.75,45
~/Desktop/AV/IMG/img_196.jpg,12.75,45
~/Desktop/AV/IMG/img_197.jpg,12.75,45
~/Desktop/AV/IMG/img_198.jpg,12.75,45
~/Desktop/AV/IMG/img_199.jpg,12.75,45
~/Desktop/AV/IMG/img_200.jpg,15,45
~/Desktop/AV/IMG/img_201.jpg,15,45
~/Desktop/AV/IMG/img_202.jpg,12.75,45
~/Desktop/AV/IMG/img_203.jpg,12.75,45
~/Desktop/AV/IMG/img_204.jpg,12.75,45
~/Desktop/AV/IMG/img_205.jpg,12.75,45
~/Desktop/AV/IMG/img_206.jpg,12.75,45
~/Desktop/AV/IMG/img_207.jpg,12.75,45
~/Desktop/AV/IMG/img_208.jpg,12.75,45
~/Desktop/AV/IMG/img_209.jpg,12.75,45
~/Desktop/AV/IMG/img_210.jpg,12.75,45
~/Desktop/AV/IMG/img_211.jpg,12.75,45
~/Desktop/AV/IMG/img_212.jpg,12.75,45
~/Desktop/AV/IMG/img_213.jpg,12.75,45
~/Desktop/AV/IMG/img_214.jpg,12.75,45
~/Desktop/AV/IMG/img_215.jpg,12.75,45
~/Desktop/AV/IMG/img_216.jpg,12.75,45
~/Desktop/AV/IMG/img_217.jpg,12.75,45
~/Desktop/AV/IMG/img_218.jpg,12.75,45
~/Desktop/AV/IMG/img_219.jpg,12.75,45
~/Desktop/AV/IMG/img_220.jpg,9.3,45
~/Desktop/AV/IMG/img_221.jpg,9.3,45
~/Desktop/AV/IMG/img_222.jpg,9.3,45
~/Desktop/AV/IMG/img_223.jpg,9.3,45
~/Desktop/AV/IMG/img_224.jpg,9.3,45
~/Desktop/AV/IMG/img_225.jpg,9.3,45
~/Desktop/AV/IMG/img_226.jpg,9.3,45
~/Desktop/AV/IMG/img_227.jpg,9.3,45
~/Desktop/AV/IMG/img_228.jpg,9.3,45
~/Desktop/AV/IMG/img_229.jpg,9.3,45
~/Desktop/AV/IMG/img_230.jpg,9.3,45
~/Desktop/AV/IMG/img_231.jpg,9.3,45
~/Desktop/AV/IMG/img_232.jpg,9.3,45
~/Desktop/AV/IMG/img_233.jpg,9.3,45
~/Desktop/AV/IMG/img_234.jpg,9.3,45
~/Desktop/AV/IMG/img_235.jpg,9.3,45
~/Desktop/AV/IMG/img_236.jpg,9.3,45
~/Desktop/AV/IMG/img_237.jpg,9.3,45
~/Desktop/AV/IMG/img_238.jpg,9.3,45
~/Desktop/AV/IMG/img_239.jpg,9.3,45
~/Desktop/AV/IMG/img_240.jpg,9.3,45
~/Desktop/AV/IMG/img_241.jpg,12.75,45
~/Desktop/AV/IMG/img_242.jpg,12.75,45
~/Desktop/AV/IMG/img_243.jpg,12.75,45
~/Desktop/AV/IMG/img_244.jpg,12.75,45
~/Desktop/AV/IMG/img_245.jpg,12.75,45
~/Desktop/AV/IMG/img_246.jpg,12.75,45
~/Desktop/AV/IMG/img_247.jpg,12.75,45
~/Desktop/AV/IMG/img_248.jpg,12.75,45
~/Desktop/AV/IMG/img_249.jpg,12.75,45
~/Desktop/AV/IMG/img_250.jpg,12.75,45
~/Desktop/AV/IMG/img_251.jpg,12.75,45
~/Desktop/AV/IMG/img_252.jpg,12.75,45
~/Desktop/AV/IMG/img_253.jpg,12.75,45
~/Desktop/AV/IMG/img_254.jpg,12.75,45
~/Desktop/AV/IMG/img_255.jpg,12.75,45
~/Desktop/AV/IMG/img_256.jpg,12.75,45
~/Desktop/AV/IMG/img_257.jpg,12.75,45
~/Desktop/AV/IMG/img_258.jpg,12.75,45
~/Desktop/AV/IMG/img_259.jpg,9.3,45
~/Desktop/AV/IMG/img_260.jpg,9.3,45
~/Desktop/AV/IMG/img_261.jpg,9.3,45
~/Desktop/AV/IMG/img_262.jpg,9.3,45
~/Desktop/AV/IMG/img_263.jpg,9.3,45
~/Desktop/AV/IMG/img_264.jpg,9.3,45
~/Desktop/AV/IMG/img_265.jpg,9.3,45
~/Desktop/AV/IMG/img_266.jpg,9.3,45
~/Desktop/AV/IMG/img_267.jpg,9.3,45
~/Desktop/AV/IMG/img_268.jpg,9.3,45
~/Desktop/AV/IMG/img_269.jpg,9.3,45
~/Desktop/AV/IMG/img_270.jpg,9.3,45
~/Desktop/AV/IMG/img_271.jpg,9.3,45
~/Desktop/AV/IMG/img_272.jpg,9.3,45
~/Desktop/AV/IMG/img_273.jpg,9.3,45
~/Desktop/AV/IMG/img_274.jpg,9.3,45
~/Desktop/AV/IMG/img_275.jpg,9.3,45
~/Desktop/AV/IMG/img_276.jpg,9.3,45
~/Desktop/AV/IMG/img_277.jpg,9.3,45
~/Desktop/AV/IMG/img_278.jpg,9.3,45
~/Desktop/AV/IMG/img_279.jpg,9.3,45
~/Desktop/AV/IMG/img_280.jpg,9.3,45
~/Desktop/AV/IMG/img_281.jpg,9.3,45
~/Desktop/AV/IMG/img_282.jpg,9.3,45
~/Desktop/AV/IMG/img_283.jpg,9.3,45
~/Desktop/AV/IMG/img_284.jpg,9.3,45
~/Desktop/AV/IMG/img_285.jpg,9.3,45
~/Desktop/AV/IMG/img_286.jpg,9.3,45
~/Desktop/AV/IMG/img_287.jpg,9.3,45
~/Desktop/AV/IMG/img_288.jpg,9.3,45
~/Desktop/AV/IMG/img_289.jpg,9.3,45
~/Desktop/AV/IMG/img_290.jpg,9.3,45
~/Desktop/AV/IMG/img_291.jpg,9.3,45
~/Desktop/AV/IMG/img_292.jpg,9.3,45
~/Desktop/AV/IMG/img_293.jpg,9.3,45
~/Desktop/AV/IMG/img_294.jpg,12.75,45
~/Desktop/AV/IMG/img_295.jpg,12.75,45
~/Desktop/AV/IMG/img_296.jpg,12.75,45
~/Desktop/AV/IMG/img_297.jpg,12.75,45
~/Desktop/AV/IMG/img_298.jpg,12.75,45
~/Desktop/AV/IMG/img_299.jpg,12.75,45
~/Desktop/AV/IMG/img_300.jpg,15,45
~/Desktop/AV/IMG/img_301.jpg,15,45
~/Desktop/AV/IMG/img_302.jpg,15,45
~/Desktop/AV/IMG/img_303.jpg,15,45
~/Desktop/AV/IMG/img_304.jpg,15,45
~/Desktop/AV/IMG/img_305.jpg,15,45
~/Desktop/AV/IMG/img_306.jpg,15,45
~/Desktop/AV/IMG/img_307.jpg,15,45
~/Desktop/AV/IMG/img_308.jpg,15,45
~/Desktop/AV/IMG/img_309.jpg,15,45
~/Desktop/AV/IMG/img_310.jpg,15,45
~/Desktop/AV/IMG/img_311.jpg,12.75,45
~/Desktop/AV/IMG/img_312.jpg,12.75,45
~/Desktop/AV/IMG/img_313.jpg,12.75,45
~/Desktop/AV/IMG/img_314.jpg,12.75,45
~/Desktop/AV/IMG/img_315.jpg,12.75,45
~/Desktop/AV/IMG/img_316.jpg,12.75,45
~/Desktop/AV/IMG/img_317.jpg,12.75,45
~/Desktop/AV/IMG/img_318.jpg,12.75,45
~/Desktop/AV/IMG/img_319.jpg,12.75,45
~/Desktop/AV/IMG/img_320.jpg,12.75,45
~/Desktop/AV/IMG/img_321.jpg,12.75,45
~/Desktop/AV/IMG/img_322.jpg,12.75,45
~/Desktop/AV/IMG/img_323.jpg,9.3,45
~/Desktop/AV/IMG/img_324.jpg,9.3,45
~/Desktop/AV/IMG/img_325.jpg,9.3,45
~/Desktop/AV/IMG/img_326.jpg,9.3,45
~/Desktop/AV/IMG/img_327.jpg,9.3,45
~/Desktop/AV/IMG/img_328.jpg,9.3,45
~/Desktop/AV/IMG/img_329.jpg,9.3,45
~/Desktop/AV/IMG/img_330.jpg,9.3,45
~/Desktop/AV/IMG/img_331.jpg,9.3,45
~/Desktop/AV/IMG/img_332.jpg,9.3,45
~/Desktop/AV/IMG/img_333.jpg,9.3,45
~/Desktop/AV/IMG/img_334.jpg,9.3,45
~/Desktop/AV/IMG/img_335.jpg,9.3,45
~/Desktop/AV/IMG/img_336.jpg,9.3,45
~/Desktop/AV/IMG/img_337.jpg,9.3,45
~/Desktop/AV/IMG/img_338.jpg,9.3,45
~/Desktop/AV/IMG/img_339.jpg,9.3,45
~/Desktop/AV/IMG/img_340.jpg,9.3,45
~/Desktop/AV/IMG/img_341.jpg,12.75,45
~/Desktop/AV/IMG/img_342.jpg,12.75,45
~/Desktop/AV/IMG/img_343.jpg,12.75,45
~/Desktop/AV/IMG/img_344.jpg,12.75,45
~/Desktop/AV/IMG/img_345.jpg,12.75,45
~/Desktop/AV/IMG/img_346.jpg,12.75,45
~/Desktop/AV/IMG/img_347.jpg,12.75,45
~/Desktop/AV/IMG/img_348.jpg,12.75,45
~/Desktop/AV/IMG/img_349.jpg,9.3,45
~/Desktop/AV/IMG/img_350.jpg,9.3,45
~/Desktop/AV/IMG/img_351.jpg,9.3,45
~/Desktop/AV/IMG/img_352.jpg,9.3,45
~/Desktop/AV/IMG/img_353.jpg,9.3,45
~/Desktop/AV/IMG/img_354.jpg,9.3,45
~/Desktop/AV/IMG/img_355.jpg,9.3,45
~/Desktop/AV/IMG/img_356.jpg,9.3,45
~/Desktop/AV/IMG/img_357.jpg,9.3,45
~/Desktop/AV/IMG/img_358.jpg,9.3,45
~/Desktop/AV/IMG/img_359.jpg,9.3,45
~/Desktop/AV/IMG/img_360.jpg,9.3,45
~/Desktop/AV/IMG/img_361.jpg,9.3,45
~/Desktop/AV/IMG/img_362.jpg,12.3,45
~/Desktop/AV/IMG/img_363.jpg,12.3,45
~/Desktop/AV/IMG/img_364.jpg,12.3,45
~/Desktop/AV/IMG/img_365.jpg,12.3,45
~/Desktop/AV/IMG/img_366.jpg,12.3,45
~/Desktop/AV/IMG/img_367.jpg,12.75,45
~/Desktop/AV/IMG/img_368.jpg,12.75,45
~/Desktop/AV/IMG/img_369.jpg,9.3,45
~/Desktop/AV/IMG/img_370.jpg,9.3,45
~/Desktop/AV/IMG/img_371.jpg,9.3,45
~/Desktop/AV/IMG/img_372.jpg,9.3,45
~/Desktop/AV/IMG/img_373.jpg,9.3,45
~/Desktop/AV/IMG/img_374.jpg,9.3,45
~/Desktop/AV/IMG/img_375.jpg,9.3,45
~/Desktop/AV/IMG/img_376.jpg,9.3,45
~/Desktop/AV/IMG/img_377.jpg,9.3,45
~/Desktop/AV/IMG/img_378.jpg,9.3,45
~/Desktop/AV/IMG/img_379.jpg,9.3,45
~/Desktop/AV/IMG/img_380.jpg,9.3,45
~/Desktop/AV/IMG/img_381.jpg,12.75,45
~/Desktop/AV/IMG/img_382.jpg,12.75,45
~/Desktop/AV/IMG/img_383.jpg,12.75,45
~/Desktop/AV/IMG/img_384.jpg,12.75,45
~/Desktop/AV/IMG/img_385.jpg,12.75,45
~/Desktop/AV/IMG/img_386.jpg,12.75,45
~/Desktop/AV/IMG/img_387.jpg,12.75,45
~/Desktop/AV/IMG/img_388.jpg,12.75,45
~/Desktop/AV/IMG/img_389.jpg,12.75,45
~/Desktop/AV/IMG/img_390.jpg,11,45
~/Desktop/AV/IMG/img_391.jpg,11,45
~/Desktop/AV/IMG/img_392.jpg,11,45
~/Desktop/AV/IMG/img_393.jpg,12.75,45
~/Desktop/AV/IMG/img_394.jpg,12.75,45
~/Desktop/AV/IMG/img_395.jpg,12.75,45
~/Desktop/AV/IMG/img_396.jpg,12.75,45
~/Desktop/AV/IMG/img_397.jpg,15,45
~/Desktop/AV/IMG/img_398.jpg,15,45
~/Desktop/AV/IMG/img_399.jpg,15,45
~/Desktop/AV/IMG/img_400.jpg,12.75,45
~/Desktop/AV/IMG/img_401.jpg,12.75,45
~/Desktop/AV/IMG/img_402.jpg,12.75,45
~/Desktop/AV/IMG/img_403.jpg,12.75,45
~/Desktop/AV/IMG/img_404.jpg,12.75,45
~/Desktop/AV/IMG/img_405.jpg,12.75,45
~/Desktop/AV/IMG/img_406.jpg,12.75,45
~/Desktop/AV/IMG/img_407.jpg,12.75,45
~/Desktop/AV/IMG/img_408.jpg,12.75,45
~/Desktop/AV/IMG/img_409.jpg,12.75,45
~/Desktop/AV/IMG/img_410.jpg,9.3,45
~/Desktop/AV/IMG/img_411.jpg,9.3,45
~/Desktop/AV/IMG/img_412.jpg,9.3,45
~/Desktop/AV/IMG/img_413.jpg,9.3,45
~/Desktop/AV/IMG/img_414.jpg,9.3,45
~/Desktop/AV/IMG/img_415.jpg,9.3,45
~/Desktop/AV/IMG/img_416.jpg,9.3,45
~/Desktop/AV/IMG/img_417.jpg,9.3,45
~/Desktop/AV/IMG/img_418.jpg,9.3,45
~/Desktop/AV/IMG/img_419.jpg,9.3,45
~/Desktop/AV/IMG/img_420.jpg,9.3,45
~/Desktop/AV/IMG/img_421.jpg,9.3,45
~/Desktop/AV/IMG/img_422.jpg,9.3,45
~/Desktop/AV/IMG/img_423.jpg,9.3,45
~/Desktop/AV/IMG/img_424.jpg,9.3,45
~/Desktop/AV/IMG/img_425.jpg,12.75,45
~/Desktop/AV/IMG/img_426.jpg,12.75,45
~/Desktop/AV/IMG/img_427.jpg,12.75,45
~/Desktop/AV/IMG/img_428.jpg,12.75,45
~/Desktop/AV/IMG/img_429.jpg,12.75,45
~/Desktop/AV/IMG/img_430.jpg,12.75,45
~/Desktop/AV/IMG/img_431.jpg,11,45
~/Desktop/AV/IMG/img_432.jpg,11,45
~/Desktop/AV/IMG/img_433.jpg,11,45
~/Desktop/AV/IMG/img_434.jpg,11,45
~/Desktop/AV/IMG/img_435.jpg,11,45
~/Desktop/AV/IMG/img_436.jpg,11,45
~/Desktop/AV/IMG/img_437.jpg,11,45
~/Desktop/AV/IMG/img_438.jpg,11,45
~/Desktop/AV/IMG/img_439.jpg,11,45
~/Desktop/AV/IMG/img_440.jpg,11,45
~/Desktop/AV/IMG/img_441.jpg,12.75,45
~/Desktop/AV/IMG/img_442.jpg,12.75,45
~/Desktop/AV/IMG/img_443.jpg,12.75,45
~/Desktop/AV/IMG/img_444.jpg,12.75,45
~/Desktop/AV/IMG/img_445.jpg,12.75,45
~/Desktop/AV/IMG/img_446.jpg,12.75,45
~/Desktop/AV/IMG/img_447.jpg,12.75,45
~/Desktop/AV/IMG/img_448.jpg,12.75,45
~/Desktop/AV/IMG/img_449.jpg,12.75,45
~/Desktop/AV/IMG/img_450.jpg,9.3,45
~/Desktop/AV/IMG/img_451.jpg,9.3,45
~/Desktop/AV/IMG/img_452.jpg,9.3,45
~/Desktop/AV/IMG/img_453.jpg,9.3,45
~/Desktop/AV/IMG/img_454.jpg,9.3,45
~/Desktop/AV/IMG/img_455.jpg,9.3,45
~/Desktop/AV/IMG/img_456.jpg,9.3,45
~/Desktop/AV/IMG/img_457.jpg,9.3,45
~/Desktop/AV/IMG/img_458.jpg,9.3,45
~/Desktop/AV/IMG/img_459.jpg,9.3,45
~/Desktop/AV/IMG/img_460.jpg,9.3,45
~/Desktop/AV/IMG/img_461.jpg,9.3,45
~/Desktop/AV/IMG/img_462.jpg,9.3,45
~/Desktop/AV/IMG/img_463.jpg,9.3,45
~/Desktop/AV/IMG/img_464.jpg,9.3,45
~/Desktop/AV/IMG/img_465.jpg,9.3,45
~/Desktop/AV/IMG/img_466.jpg,9.3,45
~/Desktop/AV/IMG/img_467.jpg,9.3,45
~/Desktop/AV/IMG/img_468.jpg,9.3,45
~/Desktop/AV/IMG/img_469.jpg,9.3,45
~/Desktop/AV/IMG/img_470.jpg,9.3,45
~/Desktop/AV/IMG/img_471.jpg,9.3,45
~/Desktop/AV/IMG/img_472.jpg,9.3,45
~/Desktop/AV/IMG/img_473.jpg,9.3,45
~/Desktop/AV/IMG/img_474.jpg,9.3,45
~/Desktop/AV/IMG/img_475.jpg,9.3,45
~/Desktop/AV/IMG/img_476.jpg,9.3,45
~/Desktop/AV/IMG/img_477.jpg,9.3,45
~/Desktop/AV/IMG/img_478.jpg,9.3,45
~/Desktop/AV/IMG/img_479.jpg,9.3,45
~/Desktop/AV/IMG/img_480.jpg,9.3,45
~/Desktop/AV/IMG/img_481.jpg,9.3,45
~/Desktop/AV/IMG/img_482.jpg,9.3,45
~/Desktop/AV/IMG/img_483.jpg,9.3,45
~/Desktop/AV/IMG/img_484.jpg,12.75,45
~/Desktop/AV/IMG/img_485.jpg,12.75,45
~/Desktop/AV/IMG/img_486.jpg,12.75,45
~/Desktop/AV/IMG/img_487.jpg,12.75,45
~/Desktop/AV/IMG/img_488.jpg,12.75,45
~/Desktop/AV/IMG/img_489.jpg,15,45
~/Desktop/AV/IMG/img_490.jpg,15,45
~/Desktop/AV/IMG/img_491.jpg,15,45
~/Desktop/AV/IMG/img_492.jpg,15,45
~/Desktop/AV/IMG/img_493.jpg,15,45
~/Desktop/AV/IMG/img_494.jpg,15,45
~/Desktop/AV/IMG/img_495.jpg,15,45
~/Desktop/AV/IMG/img_496.jpg,15,45
~/Desktop/AV/IMG/img_497.jpg,15,45
~/Desktop/AV/IMG/img_498.jpg,15,45
~/Desktop/AV/IMG/img_499.jpg,15,45
~/Desktop/AV/IMG/img_500.jpg,15,45
~/Desktop/AV/IMG/img_501.jpg,15,45
~/Desktop/AV/IMG/img_502.jpg,15,45
~/Desktop/AV/IMG/img_503.jpg,12.75,45
~/Desktop/AV/IMG/img_504.jpg,12.75,45
~/Desktop/AV/IMG/img_505.jpg,12.75,45
~/Desktop/AV/IMG/img_506.jpg,12.75,45
~/Desktop/AV/IMG/img_507.jpg,12.75,45
~/Desktop/AV/IMG/img_508.jpg,12.75,45
~/Desktop/AV/IMG/img_509.jpg,12.75,45
~/Desktop/AV/IMG/img_510.jpg,12.75,45
~/Desktop/AV/IMG/img_511.jpg,12.75,45
~/Desktop/AV/IMG/img_512.jpg,9.3,45
~/Desktop/AV/IMG/img_513.jpg,9.3,45
~/Desktop/AV/IMG/img_514.jpg,9.3,45
~/Desktop/AV/IMG/img_515.jpg,9.3,45
~/Desktop/AV/IMG/img_516.jpg,9.3,45
~/Desktop/AV/IMG/img_517.jpg,9.3,45
~/Desktop/AV/IMG/img_518.jpg,9.3,45
~/Desktop/AV/IMG/img_519.jpg,9.3,45
~/Desktop/AV/IMG/img_520.jpg,9.3,45
~/Desktop/AV/IMG/img_521.jpg,9.3,45
~/Desktop/AV/IMG/img_522.jpg,9.3,45
~/Desktop/AV/IMG/img_523.jpg,9.3,45
~/Desktop/AV/IMG/img_524.jpg,12.75,45
~/Desktop/AV/IMG/img_525.jpg,12.75,45
~/Desktop/AV/IMG/img_526.jpg,12.75,45
~/Desktop/AV/IMG/img_527.jpg,9.3,45
~/Desktop/AV/IMG/img_528.jpg,9.3,45
~/Desktop/AV/IMG/img_529.jpg,9.3,45
~/Desktop/AV/IMG/img_530.jpg,9.3,45
~/Desktop/AV/IMG/img_531.jpg,9.3,45
~/Desktop/AV/IMG/img_532.jpg,9.3,45
~/Desktop/AV/IMG/img_533.jpg,12.75,45
~/Desktop/AV/IMG/img_534.jpg,12.75,45
~/Desktop/AV/IMG/img_535.jpg,12.75,45
~/Desktop/AV/IMG/img_536.jpg,12.75,45
~/Desktop/AV/IMG/img_537.jpg,12.75,45
~/Desktop/AV/IMG/img_538.jpg,12.75,45
~/Desktop/AV/IMG/img_539.jpg,12.75,45
~/Desktop/AV/IMG/img_540.jpg,9.3,45
~/Desktop/AV/IMG/img_541.jpg,9.3,45
~/Desktop/AV/IMG/img_542.jpg,9.3,45
~/Desktop/AV/IMG/img_543.jpg,9.3,45
~/Desktop/AV/IMG/img_544.jpg,9.3,45
~/Desktop/AV/IMG/img_545.jpg,9.3,45
~/Desktop/AV/IMG/img_546.jpg,9.3,45
~/Desktop/AV/IMG/img_547.jpg,9.3,45
~/Desktop/AV/IMG/img_548.jpg,9.3,45
~/Desktop/AV/IMG/img_549.jpg,9.3,45
~/Desktop/AV/IMG/img_550.jpg,9.3,45
~/Desktop/AV/IMG/img_551.jpg,9.3,45
~/Desktop/AV/IMG/img_552.jpg,9.3,45
~/Desktop/AV/IMG/img_553.jpg,9.3,45
~/Desktop/AV/IMG/img_554.jpg,9.3,45
~/Desktop/AV/IMG/img_555.jpg,9.3,45
~/Desktop/AV/IMG/img_556.jpg,9.3,45
~/Desktop/AV/IMG/img_557.jpg,9.3,45
~/Desktop/AV/IMG/img_558.jpg,9.3,45
~/Desktop/AV/IMG/img_559.jpg,9.3,45
~/Desktop/AV/IMG/img_560.jpg,9.3,45
~/Desktop/AV/IMG/img_561.jpg,12.75,45
~/Desktop/AV/IMG/img_562.jpg,12.75,45
~/Desktop/AV/IMG/img_563.jpg,12.75,45
~/Desktop/AV/IMG/img_564.jpg,12.75,45
~/Desktop/AV/IMG/img_565.jpg,12.75,45
~/Desktop/AV/IMG/img_566.jpg,12.75,45
~/Desktop/AV/IMG/img_567.jpg,12.75,45
~/Desktop/AV/IMG/img_568.jpg,9.3,45
~/Desktop/AV/IMG/img_569.jpg,9.3,45
~/Desktop/AV/IMG/img_570.jpg,9.3,45
~/Desktop/AV/IMG/img_571.jpg,9.3,45
~/Desktop/AV/IMG/img_572.jpg,9.3,45
~/Desktop/AV/IMG/img_573.jpg,9.3,45
~/Desktop/AV/IMG/img_574.jpg,9.3,45
~/Desktop/AV/IMG/img_575.jpg,12.75,45
~/Desktop/AV/IMG/img_576.jpg,12.75,45
~/Desktop/AV/IMG/img_577.jpg,12.75,45
~/Desktop/AV/IMG/img_578.jpg,12.75,45
~/Desktop/AV/IMG/img_579.jpg,12.75,45
~/Desktop/AV/IMG/img_580.jpg,12.75,45
~/Desktop/AV/IMG/img_581.jpg,12.75,45
~/Desktop/AV/IMG/img_582.jpg,12.75,45
~/Desktop/AV/IMG/img_583.jpg,12.75,45
~/Desktop/AV/IMG/img_584.jpg,12.75,45
~/Desktop/AV/IMG/img_585.jpg,12.75,45
~/Desktop/AV/IMG/img_586.jpg,12.75,45
~/Desktop/AV/IMG/img_587.jpg,12.75,45
~/Desktop/AV/IMG/img_588.jpg,12.75,45
~/Desktop/AV/IMG/img_589.jpg,12.75,45
~/Desktop/AV/IMG/img_590.jpg,12.75,45
~/Desktop/AV/IMG/img_591.jpg,15,45
~/Desktop/AV/IMG/img_592.jpg,15,45
~/Desktop/AV/IMG/img_593.jpg,15,45
~/Desktop/AV/IMG/img_594.jpg,15,45
~/Desktop/AV/IMG/img_595.jpg,15,45
~/Desktop/AV/IMG/img_596.jpg,15,45
~/Desktop/AV/IMG/img_597.jpg,12.75,45
~/Desktop/AV/IMG/img_598.jpg,12.75,45
~/Desktop/AV/IMG/img_599.jpg,12.75,45
~/Desktop/AV/IMG/img_600.jpg,9.3,45
~/Desktop/AV/IMG/img_601.jpg,9.3,45
~/Desktop/AV/IMG/img_602.jpg,9.3,45
~/Desktop/AV/IMG/img_603.jpg,9.3,45
~/Desktop/AV/IMG/img_604.jpg,9.3,45
~/Desktop/AV/IMG/img_605.jpg,9.3,45
~/Desktop/AV/IMG/img_606.jpg,9.3,45
~/Desktop/AV/IMG/img_607.jpg,9.3,45
~/Desktop/AV/IMG/img_608.jpg,9.3,45
~/Desktop/AV/IMG/img_609.jpg,9.3,45
~/Desktop/AV/IMG/img_610.jpg,9.3,45
~/Desktop/AV/IMG/img_611.jpg,9.3,45
~/Desktop/AV/IMG/img_612.jpg,9.3,45
~/Desktop/AV/IMG/img_613.jpg,9.3,45
~/Desktop/AV/IMG/img_614.jpg,9.3,45
~/Desktop/AV/IMG/img_615.jpg,9.3,45
~/Desktop/AV/IMG/img_616.jpg,9.3,45
~/Desktop/AV/IMG/img_617.jpg,9.3,45
~/Desktop/AV/IMG/img_618.jpg,9.3,45
~/Desktop/AV/IMG/img_619.jpg,9.3,45
~/Desktop/AV/IMG/img_620.jpg,9.3,45
~/Desktop/AV/IMG/img_621.jpg,9.3,45
~/Desktop/AV/IMG/img_622.jpg,12.75,45
~/Desktop/AV/IMG/img_623.jpg,12.75,45
~/Desktop/AV/IMG/img_624.jpg,12.75,45
~/Desktop/AV/IMG/img_625.jpg,12.75,45
~/Desktop/AV/IMG/img_626.jpg,12.75,45
~/Desktop/AV/IMG/img_627.jpg,12.75,45
~/Desktop/AV/IMG/img_628.jpg,12.75,45
~/Desktop/AV/IMG/img_629.jpg,11,45
~/Desktop/AV/IMG/img_630.jpg,11,45
~/Desktop/AV/IMG/img_631.jpg,11,45
~/Desktop/AV/IMG/img_632.jpg,11,45
~/Desktop/AV/IMG/img_633.jpg,11,45
~/Desktop/AV/IMG/img_634.jpg,12.75,45
~/Desktop/AV/IMG/img_635.jpg,12.75,45
~/Desktop/AV/IMG/img_636.jpg,12.75,45
~/Desktop/AV/IMG/img_637.jpg,12.75,45
~/Desktop/AV/IMG/img_638.jpg,12.75,45
~/Desktop/AV/IMG/img_639.jpg,12.75,45
~/Desktop/AV/IMG/img_640.jpg,12.75,45
~/Desktop/AV/IMG/img_641.jpg,12.75,45
~/Desktop/AV/IMG/img_642.jpg,12.75,45
~/Desktop/AV/IMG/img_643.jpg,9.3,45
~/Desktop/AV/IMG/img_644.jpg,9.3,45
~/Desktop/AV/IMG/img_645.jpg,9.3,45
~/Desktop/AV/IMG/img_646.jpg,9.3,45
~/Desktop/AV/IMG/img_647.jpg,9.3,45
~/Desktop/AV/IMG/img_648.jpg,9.3,45
~/Desktop/AV/IMG/img_649.jpg,9.3,45
~/Desktop/AV/IMG/img_650.jpg,9.3,45
~/Desktop/AV/IMG/img_651.jpg,9.3,45
~/Desktop/AV/IMG/img_652.jpg,9.3,45
~/Desktop/AV/IMG/img_653.jpg,9.3,45
~/Desktop/AV/IMG/img_654.jpg,9.3,45
~/Desktop/AV/IMG/img_655.jpg,9.3,45
~/Desktop/AV/IMG/img_656.jpg,9.3,45
~/Desktop/AV/IMG/img_657.jpg,9.3,45
~/Desktop/AV/IMG/img_658.jpg,9.3,45
~/Desktop/AV/IMG/img_659.jpg,9.3,45
~/Desktop/AV/IMG/img_660.jpg,9.3,45
~/Desktop/AV/IMG/img_661.jpg,9.3,45
~/Desktop/AV/IMG/img_662.jpg,9.3,45
~/Desktop/AV/IMG/img_663.jpg,9.3,45
~/Desktop/AV/IMG/img_664.jpg,9.3,45
~/Desktop/AV/IMG/img_665.jpg,9.3,45
~/Desktop/AV/IMG/img_666.jpg,9.3,45
~/Desktop/AV/IMG/img_667.jpg,9.3,45
~/Desktop/AV/IMG/img_668.jpg,9.3,45
~/Desktop/AV/IMG/img_669.jpg,9.3,45
~/Desktop/AV/IMG/img_670.jpg,9.3,45
~/Desktop/AV/IMG/img_671.jpg,9.3,45
~/Desktop/AV/IMG/img_672.jpg,9.3,45
~/Desktop/AV/IMG/img_673.jpg,12.75,45
~/Desktop/AV/IMG/img_674.jpg,12.75,45
~/Desktop/AV/IMG/img_675.jpg,12.75,45
~/Desktop/AV/IMG/img_676.jpg,12.75,45
~/Desktop/AV/IMG/img_677.jpg,12.75,45
~/Desktop/AV/IMG/img_678.jpg,12.75,45
~/Desktop/AV/IMG/img_679.jpg,12.75,45
~/Desktop/AV/IMG/img_680.jpg,12.75,45
~/Desktop/AV/IMG/img_681.jpg,12.75,45
~/Desktop/AV/IMG/img_682.jpg,12.75,45
~/Desktop/AV/IMG/img_683.jpg,12.75,45
~/Desktop/AV/IMG/img_684.jpg,12.75,45
~/Desktop/AV/IMG/img_685.jpg,15,45
~/Desktop/AV/IMG/img_686.jpg,15,45
~/Desktop/AV/IMG/img_687.jpg,15,45
~/Desktop/AV/IMG/img_688.jpg,15,45
~/Desktop/AV/IMG/img_689.jpg,15,45
~/Desktop/AV/IMG/img_690.jpg,15,45
~/Desktop/AV/IMG/img_691.jpg,12.75,45
~/Desktop/AV/IMG/img_692.jpg,12.75,45
~/Desktop/AV/IMG/img_693.jpg,12.75,45
~/Desktop/AV/IMG/img_694.jpg,12.75,45
~/Desktop/AV/IMG/img_695.jpg,12.75,45
~/Desktop/AV/IMG/img_696.jpg,12.75,45
~/Desktop/AV/IMG/img_697.jpg,12.75,45
~/Desktop/AV/IMG/img_698.jpg,12.75,45
~/Desktop/AV/IMG/img_699.jpg,12.75,45
~/Desktop/AV/IMG/img_700.jpg,12.75,45
~/Desktop/AV/IMG/img_701.jpg,12.75,45
~/Desktop/AV/IMG/img_702.jpg,12.75,45
~/Desktop/AV/IMG/img_703.jpg,12.75,45
~/Desktop/AV/IMG/img_704.jpg,9.3,45
~/Desktop/AV/IMG/img_705.jpg,9.3,45
~/Desktop/AV/IMG/img_706.jpg,9.3,45
~/Desktop/AV/IMG/img_707.jpg,9.3,45
~/Desktop/AV/IMG/img_708.jpg,9.3,45
~/Desktop/AV/IMG/img_709.jpg,9.3,45
~/Desktop/AV/IMG/img_710.jpg,9.3,45
~/Desktop/AV/IMG/img_711.jpg,9.3,45
~/Desktop/AV/IMG/img_712.jpg,9.3,45
~/Desktop/AV/IMG/img_713.jpg,9.3,45
~/Desktop/AV/IMG/img_714.jpg,9.3,45
~/Desktop/AV/IMG/img_715.jpg,9.3,45
~/Desktop/AV/IMG/img_716.jpg,9.3,45
~/Desktop/AV/IMG/img_717.jpg,9.3,45
~/Desktop/AV/IMG/img_718.jpg,9.3,45
~/Desktop/AV/IMG/img_719.jpg,9.3,45
~/Desktop/AV/IMG/img_720.jpg,9.3,45
~/Desktop/AV/IMG/img_721.jpg,9.3,45
~/Desktop/AV/IMG/img_722.jpg,9.3,45
~/Desktop/AV/IMG/img_723.jpg,9.3,45
~/Desktop/AV/IMG/img_724.jpg,9.3,45
~/Desktop/AV/IMG/img_725.jpg,9.3,45
~/Desktop/AV/IMG/img_726.jpg,9.3,45
~/Desktop/AV/IMG/img_727.jpg,12.75,45
~/Desktop/AV/IMG/img_728.jpg,12.75,45
~/Desktop/AV/IMG/img_729.jpg,12.75,45
~/Desktop/AV/IMG/img_730.jpg,12.75,45
~/Desktop/AV/IMG/img_731.jpg,12.75,45
~/Desktop/AV/IMG/img_732.jpg,12.75,45
~/Desktop/AV/IMG/img_733.jpg,12.75,45
~/Desktop/AV/IMG/img_734.jpg,12.75,45
~/Desktop/AV/IMG/img_735.jpg,12.75,45
~/Desktop/AV/IMG/img_736.jpg,12.75,45
~/Desktop/AV/IMG/img_737.jpg,12.75,45
~/Desktop/AV/IMG/img_738.jpg,9.3,45
~/Desktop/AV/IMG/img_739.jpg,9.3,45
~/Desktop/AV/IMG/img_740.jpg,9.3,45
~/Desktop/AV/IMG/img_741.jpg,9.3,45
~/Desktop/AV/IMG/img_742.jpg,9.3,45
~/Desktop/AV/IMG/img_743.jpg,9.3,45
~/Desktop/AV/IMG/img_744.jpg,9.3,45
~/Desktop/AV/IMG/img_745.jpg,9.3,45
~/Desktop/AV/IMG/img_746.jpg,9.3,45
~/Desktop/AV/IMG/img_747.jpg,9.3,45
~/Desktop/AV/IMG/img_748.jpg,9.3,45
~/Desktop/AV/IMG/img_749.jpg,9.3,45
~/Desktop/AV/IMG/img_750.jpg,9.3,45
~/Desktop/AV/IMG/img_751.jpg,9.3,45
~/Desktop/AV/IMG/img_752.jpg,9.3,45
~/Desktop/AV/IMG/img_753.jpg,9.3,45
~/Desktop/AV/IMG/img_754.jpg,9.3,45
~/Desktop/AV/IMG/img_755.jpg,9.3,45
~/Desktop/AV/IMG/img_756.jpg,9.3,45
~/Desktop/AV/IMG/img_757.jpg,9.3,45
~/Desktop/AV/IMG/img_758.jpg,9.3,45
~/Desktop/AV/IMG/img_759.jpg,9.3,45
~/Desktop/AV/IMG/img_885.jpg,12.75,45
~/Desktop/AV/IMG/img_886.jpg,12.75,45
~/Desktop/AV/IMG/img_887.jpg,12.75,45
~/Desktop/AV/IMG/img_888.jpg,12.75,45
~/Desktop/AV/IMG/img_889.jpg,12.75,45
~/Desktop/AV/IMG/img_890.jpg,12.75,45
~/Desktop/AV/IMG/img_891.jpg,12.75,45
~/Desktop/AV/IMG/img_892.jpg,12.75,45
~/Desktop/AV/IMG/img_893.jpg,12.75,45
~/Desktop/AV/IMG/img_894.jpg,12.75,45
~/Desktop/AV/IMG/img_895.jpg,12.75,45
~/Desktop/AV/IMG/img_896.jpg,12.75,45
~/Desktop/AV/IMG/img_897.jpg,17,45
~/Desktop/AV/IMG/img_898.jpg,17,45
~/Desktop/AV/IMG/img_899.jpg,17,45
~/Desktop/AV/IMG/img_900.jpg,17,45
~/Desktop/AV/IMG/img_901.jpg,17,45
~/Desktop/AV/IMG/img_902.jpg,17,45
~/Desktop/AV/IMG/img_903.jpg,17,45
~/Desktop/AV/IMG/img_904.jpg,17,45
~/Desktop/AV/IMG/img_905.jpg,17,45
~/Desktop/AV/IMG/img_906.jpg,17,45
~/Desktop/AV/IMG/img_907.jpg,17,45
~/Desktop/AV/IMG/img_908.jpg,17,45
~/Desktop/AV/IMG/img_909.jpg,17,45
~/Desktop/AV/IMG/img_910.jpg,17,45
~/Desktop/AV/IMG/img_911.jpg,17,45
~/Desktop/AV/IMG/img_912.jpg,17,45
~/Desktop/AV/IMG/img_913.jpg,17,45
~/Desktop/AV/IMG/img_914.jpg,17,45
~/Desktop/AV/IMG/img_915.jpg,17,45
~/Desktop/AV/IMG/img_916.jpg,17,45
~/Desktop/AV/IMG/img_917.jpg,17,45
~/Desktop/AV/IMG/img_918.jpg,17,45
~/Desktop/AV/IMG/img_919.jpg,12.75,45
~/Desktop/AV/IMG/img_920.jpg,12.75,45
~/Desktop/AV/IMG/img_921.jpg,12.75,45
~/Desktop/AV/IMG/img_922.jpg,12.75,45
~/Desktop/AV/IMG/img_923.jpg,12.75,45
~/Desktop/AV/IMG/img_924.jpg,12.75,45
~/Desktop/AV/IMG/img_925.jpg,12.75,45
~/Desktop/AV/IMG/img_926.jpg,17,45
~/Desktop/AV/IMG/img_927.jpg,17,45
~/Desktop/AV/IMG/img_928.jpg,17,45
~/Desktop/AV/IMG/img_929.jpg,17,45
~/Desktop/AV/IMG/img_930.jpg,17,45
~/Desktop/AV/IMG/img_931.jpg,17,45
~/Desktop/AV/IMG/img_932.jpg,17,45
~/Desktop/AV/IMG/img_933.jpg,17,45
~/Desktop/AV/IMG/img_934.jpg,17,45
~/Desktop/AV/IMG/img_935.jpg,17,45
~/Desktop/AV/IMG/img_936.jpg,17,45
~/Desktop/AV/IMG/img_937.jpg,17,45
~/Desktop/AV/IMG/img_938.jpg,17,45
~/Desktop/AV/IMG/img_939.jpg,17,45
~/Desktop/AV/IMG/img_940.jpg,17,45
~/Desktop/AV/IMG/img_941.jpg,17,45
~/Desktop/AV/IMG/img_942.jpg,17,45
~/Desktop/AV/IMG/img_943.jpg,17,45
~/Desktop/AV/IMG/img_944.jpg,17,45
~/Desktop/AV/IMG/img_945.jpg,12.75,45
~/Desktop/AV/IMG/img_946.jpg,12.75,45
~/Desktop/AV/IMG/img_947.jpg,12.75,45
~/Desktop/AV/IMG/img_948.jpg,12.75,45
~/Desktop/AV/IMG/img_949.jpg,12.75,45
~/Desktop/AV/IMG/img_950.jpg,12.75,45
~/Desktop/AV/IMG/img_951.jpg,12.75,45
~/Desktop/AV/IMG/img_952.jpg,12.75,45
~/Desktop/AV/IMG/img_953.jpg,12.75,45
~/Desktop/AV/IMG/img_954.jpg,12.75,45
~/Desktop/AV/IMG/img_955.jpg,11,45
~/Desktop/AV/IMG/img_956.jpg,11,45
~/Desktop/AV/IMG/img_957.jpg,11,45
~/Desktop/AV/IMG/img_958.jpg,11,45
~/Desktop/AV/IMG/img_959.jpg,11,45
~/Desktop/AV/IMG/img_960.jpg,11,45
~/Desktop/AV/IMG/img_961.jpg,11,45
~/Desktop/AV/IMG/img_962.jpg,11,45
~/Desktop/AV/IMG/img_963.jpg,11,45
~/Desktop/AV/IMG/img_964.jpg,11,45
~/Desktop/AV/IMG/img_965.jpg,12.75,45
~/Desktop/AV/IMG/img_966.jpg,12.75,45
~/Desktop/AV/IMG/img_967.jpg,12.75,45
~/Desktop/AV/IMG/img_968.jpg,12.75,45
~/Desktop/AV/IMG/img_969.jpg,12.75,45
~/Desktop/AV/IMG/img_970.jpg,12.75,45
~/Desktop/AV/IMG/img_971.jpg,12.75,45
~/Desktop/AV/IMG/img_972.jpg,12.75,45
~/Desktop/AV/IMG/img_973.jpg,12.75,45
~/Desktop/AV/IMG/img_974.jpg,12.75,45
~/Desktop/AV/IMG/img_975.jpg,12.75,45
~/Desktop/AV/IMG/img_976.jpg,12.75,45
~/Desktop/AV/IMG/img_977.jpg,17,45
~/Desktop/AV/IMG/img_978.jpg,17,45
~/Desktop/AV/IMG/img_979.jpg,17,45
~/Desktop/AV/IMG/img_980.jpg,17,45
~/Desktop/AV/IMG/img_981.jpg,17,45
~/Desktop/AV/IMG/img_982.jpg,17,45
~/Desktop/AV/IMG/img_983.jpg,17,45
~/Desktop/AV/IMG/img_984.jpg,17,45
~/Desktop/AV/IMG/img_985.jpg,17,45
~/Desktop/AV/IMG/img_986.jpg,17,45
~/Desktop/AV/IMG/img_987.jpg,17,45
~/Desktop/AV/IMG/img_988.jpg,17,45
~/Desktop/AV/IMG/img_989.jpg,17,45
~/Desktop/AV/IMG/img_990.jpg,17,45
~/Desktop/AV/IMG/img_991.jpg,17,45
~/Desktop/AV/IMG/img_992.jpg,17,45
~/Desktop/AV/IMG/img_993.jpg,17,45
~/Desktop/AV/IMG/img_994.jpg,17,45
~/Desktop/AV/IMG/img_995.jpg,17,45
~/Desktop/AV/IMG/img_996.jpg,17,45
~/Desktop/AV/IMG/img_997.jpg,17,45
~/Desktop/AV/IMG/img_998.jpg,17,45
~/Desktop/AV/IMG/img_999.jpg,17,45
~/Desktop/AV/IMG/img_1000.jpg,17,45
~/Desktop/AV/IMG/img_1001.jpg,17,45
~/Desktop/AV/IMG/img_1002.jpg,17,45
~/Desktop/AV/IMG/img_1003.jpg,17,45
~/Desktop/AV/IMG/img_1004.jpg,17,45
~/Desktop/AV/IMG/img_1005.jpg,17,45
~/Desktop/AV/IMG/img_1006.jpg,17,45
~/Desktop/AV/IMG/img_1007.jpg,17,45
~/Desktop/AV/IMG/img_1008.jpg,17,45
~/Desktop/AV/IMG/img_1053.jpg,12.75,45
~/Desktop/AV/IMG/img_1054.jpg,12.75,45
~/Desktop/AV/IMG/img_1055.jpg,12.75,45
~/Desktop/AV/IMG/img_1056.jpg,12.75,45
~/Desktop/AV/IMG/img_1057.jpg,17,45
~/Desktop/AV/IMG/img_1058.jpg,17,45
~/Desktop/AV/IMG/img_1059.jpg,17,45
~/Desktop/AV/IMG/img_1060.jpg,12.75,45
~/Desktop/AV/IMG/img_1061.jpg,12.75,45
~/Desktop/AV/IMG/img_1062.jpg,12.75,45
~/Desktop/AV/IMG/img_1063.jpg,12.75,45
~/Desktop/AV/IMG/img_1064.jpg,12.75,45
~/Desktop/AV/IMG/img_1065.jpg,12.75,45
~/Desktop/AV/IMG/img_1066.jpg,9.3,45
~/Desktop/AV/IMG/img_1067.jpg,9.3,45
~/Desktop/AV/IMG/img_1068.jpg,9.3,45
~/Desktop/AV/IMG/img_1069.jpg,12.75,45
~/Desktop/AV/IMG/img_1070.jpg,12.75,45
~/Desktop/AV/IMG/img_1071.jpg,12.75,45
~/Desktop/AV/IMG/img_1072.jpg,12.75,45
~/Desktop/AV/IMG/img_1073.jpg,12.75,45
~/Desktop/AV/IMG/img_1074.jpg,17,45
~/Desktop/AV/IMG/img_1075.jpg,17,45
~/Desktop/AV/IMG/img_1076.jpg,17,45
~/Desktop/AV/IMG/img_1077.jpg,17,45
~/Desktop/AV/IMG/img_1078.jpg,17,45
~/Desktop/AV/IMG/img_1079.jpg,17,45
~/Desktop/AV/IMG/img_1080.jpg,17,45
~/Desktop/AV/IMG/img_1081.jpg,17,45
~/Desktop/AV/IMG/img_1082.jpg,17,45
~/Desktop/AV/IMG/img_1083.jpg,17,45
~/Desktop/AV/IMG/img_1084.jpg,17,45
~/Desktop/AV/IMG/img_1085.jpg,17,45
~/Desktop/AV/IMG/img_1086.jpg,17,45
~/Desktop/AV/IMG/img_1087.jpg,17,45
~/Desktop/AV/IMG/img_1088.jpg,17,45
~/Desktop/AV/IMG/img_1089.jpg,17,45
~/Desktop/AV/IMG/img_1090.jpg,17,45
~/Desktop/AV/IMG/img_1091.jpg,17,45
~/Desktop/AV/IMG/img_1092.jpg,17,45
~/Desktop/AV/IMG/img_1093.jpg,17,45
~/Desktop/AV/IMG/img_1094.jpg,17,45
~/Desktop/AV/IMG/img_1095.jpg,17,45
~/Desktop/AV/IMG/img_1096.jpg,17,45
~/Desktop/AV/IMG/img_1097.jpg,12.75,45
~/Desktop/AV/IMG/img_1098.jpg,12.75,45
~/Desktop/AV/IMG/img_1099.jpg,12.75,45
~/Desktop/AV/IMG/img_1100.jpg,12.75,45
~/Desktop/AV/IMG/img_1101.jpg,12.75,45
~/Desktop/AV/IMG/img_1102.jpg,12.75,45
~/Desktop/AV/IMG/img_1103.jpg,12.75,45
~/Desktop/AV/IMG/img_1104.jpg,12.75,45
~/Desktop/AV/IMG/img_1105.jpg,17,45
~/Desktop/AV/IMG/img_1106.jpg,17,45
~/Desktop/AV/IMG/img_1107.jpg,17,45
~/Desktop/AV/IMG/img_1108.jpg,17,45
~/Desktop/AV/IMG/img_1109.jpg,17,45
~/Desktop/AV/IMG/img_1110.jpg,17,45
~/Desktop/AV/IMG/img_1111.jpg,17,45
~/Desktop/AV/IMG/img_1112.jpg,17,45
~/Desktop/AV/IMG/img_1113.jpg,17,45
~/Desktop/AV/IMG/img_1114.jpg,17,45
~/Desktop/AV/IMG/img_1115.jpg,17,45
~/Desktop/AV/IMG/img_1116.jpg,17,45
~/Desktop/AV/IMG/img_1117.jpg,17,45
~/Desktop/AV/IMG/img_1118.jpg,17,45
~/Desktop/AV/IMG/img_1119.jpg,17,45
~/Desktop/AV/IMG/img_1120.jpg,17,45
~/Desktop/AV/IMG/img_1121.jpg,17,45
~/Desktop/AV/IMG/img_1122.jpg,17,45
~/Desktop/AV/IMG/img_1123.jpg,17,45
~/Desktop/AV/IMG/img_1124.jpg,17,45
~/Desktop/AV/IMG/img_1125.jpg,17,45
~/Desktop/AV/IMG/img_1126.jpg,12.75,45
~/Desktop/AV/IMG/img_1127.jpg,12.75,45
~/Desktop/AV/IMG/img_1128.jpg,12.75,45
~/Desktop/AV/IMG/img_1129.jpg,12.75,45
~/Desktop/AV/IMG/img_1130.jpg,12.75,45
~/Desktop/AV/IMG/img_1131.jpg,12.75,45
~/Desktop/AV/IMG/img_1132.jpg,12.75,45
~/Desktop/AV/IMG/img_1133.jpg,12.75,45
~/Desktop/AV/IMG/img_1134.jpg,12.75,45
~/Desktop/AV/IMG/img_1135.jpg,12.75,45
~/Desktop/AV/IMG/img_1136.jpg,12.75,45
~/Desktop/AV/IMG/img_1137.jpg,12.75,45
~/Desktop/AV/IMG/img_1138.jpg,11,45
~/Desktop/AV/IMG/img_1139.jpg,11,45
~/Desktop/AV/IMG/img_1140.jpg,12.75,45
~/Desktop/AV/IMG/img_1141.jpg,12.75,45
~/Desktop/AV/IMG/img_1142.jpg,12.75,45
~/Desktop/AV/IMG/img_1143.jpg,12.75,45
~/Desktop/AV/IMG/img_1144.jpg,12.75,45
~/Desktop/AV/IMG/img_1145.jpg,12.75,45
~/Desktop/AV/IMG/img_1146.jpg,12.75,45
~/Desktop/AV/IMG/img_1147.jpg,12.75,45
~/Desktop/AV/IMG/img_1148.jpg,12.75,45
~/Desktop/AV/IMG/img_1149.jpg,11,45
~/Desktop/AV/IMG/img_1150.jpg,11,45
~/Desktop/AV/IMG/img_1151.jpg,11,45
~/Desktop/AV/IMG/img_1152.jpg,11,45
~/Desktop/AV/IMG/img_1153.jpg,11,45
~/Desktop/AV/IMG/img_1285.jpg,12.75,45
~/Desktop/AV/IMG/img_1286.jpg,12.75,45
~/Desktop/AV/IMG/img_1287.jpg,12.75,45
~/Desktop/AV/IMG/img_1288.jpg,12.75,45
~/Desktop/AV/IMG/img_1289.jpg,12.75,45
~/Desktop/AV/IMG/img_1290.jpg,12.75,45
~/Desktop/AV/IMG/img_1291.jpg,12.75,45
~/Desktop/AV/IMG/img_1292.jpg,12.75,45
~/Desktop/AV/IMG/img_1293.jpg,12.75,45
~/Desktop/AV/IMG/img_1294.jpg,12.75,45
~/Desktop/AV/IMG/img_1295.jpg,12.75,45
~/Desktop/AV/IMG/img_1296.jpg,12.75,45
~/Desktop/AV/IMG/img_1297.jpg,12.75,45
~/Desktop/AV/IMG/img_1298.jpg,12.75,45
~/Desktop/AV/IMG/img_1299.jpg,12.75,45
~/Desktop/AV/IMG/img_1300.jpg,12.75,45
~/Desktop/AV/IMG/img_1301.jpg,12.75,45
~/Desktop/AV/IMG/img_1302.jpg,15,45
~/Desktop/AV/IMG/img_1303.jpg,15,45
~/Desktop/AV/IMG/img_1304.jpg,15,45
~/Desktop/AV/IMG/img_1305.jpg,15,45
~/Desktop/AV/IMG/img_1306.jpg,15,45
~/Desktop/AV/IMG/img_1307.jpg,15,45
~/Desktop/AV/IMG/img_1308.jpg,15,45
~/Desktop/AV/IMG/img_1309.jpg,15,45
~/Desktop/AV/IMG/img_1310.jpg,15,45
~/Desktop/AV/IMG/img_1311.jpg,15,45
~/Desktop/AV/IMG/img_1312.jpg,15,45
~/Desktop/AV/IMG/img_1313.jpg,20,45
~/Desktop/AV/IMG/img_1314.jpg,20,45
~/Desktop/AV/IMG/img_1315.jpg,20,45
~/Desktop/AV/IMG/img_1316.jpg,20,45
~/Desktop/AV/IMG/img_1317.jpg,20,45
~/Desktop/AV/IMG/img_1318.jpg,20,45
~/Desktop/AV/IMG/img_1319.jpg,20,45
~/Desktop/AV/IMG/img_1320.jpg,20,45
~/Desktop/AV/IMG/img_1321.jpg,20,45
~/Desktop/AV/IMG/img_1322.jpg,20,45
~/Desktop/AV/IMG/img_1323.jpg,20,45
~/Desktop/AV/IMG/img_1324.jpg,20,45
~/Desktop/AV/IMG/img_1325.jpg,20,45
~/Desktop/AV/IMG/img_1326.jpg,20,45
~/Desktop/AV/IMG/img_1327.jpg,20,45
~/Desktop/AV/IMG/img_1328.jpg,20,45
~/Desktop/AV/IMG/img_1329.jpg,20,45
~/Desktop/AV/IMG/img_1330.jpg,12.75,45
~/Desktop/AV/IMG/img_1331.jpg,12.75,45
~/Desktop/AV/IMG/img_1332.jpg,12.75,45
~/Desktop/AV/IMG/img_1333.jpg,12.75,45
~/Desktop/AV/IMG/img_1334.jpg,12.75,45
~/Desktop/AV/IMG/img_1335.jpg,12.75,45
~/Desktop/AV/IMG/img_1336.jpg,12.75,45
~/Desktop/AV/IMG/img_1337.jpg,15,45
~/Desktop/AV/IMG/img_1338.jpg,15,45
~/Desktop/AV/IMG/img_1339.jpg,15,45
~/Desktop/AV/IMG/img_1340.jpg,15,45
~/Desktop/AV/IMG/img_1341.jpg,15,45
~/Desktop/AV/IMG/img_1342.jpg,15,45
~/Desktop/AV/IMG/img_1343.jpg,15,45
~/Desktop/AV/IMG/img_1344.jpg,15,45
~/Desktop/AV/IMG/img_1345.jpg,15,45
~/Desktop/AV/IMG/img_1346.jpg,12.75,45
~/Desktop/AV/IMG/img_1347.jpg,12.75,45
~/Desktop/AV/IMG/img_1348.jpg,12.75,45
~/Desktop/AV/IMG/img_1349.jpg,12.75,45
~/Desktop/AV/IMG/img_1350.jpg,12.75,45
~/Desktop/AV/IMG/img_1351.jpg,12.75,45
~/Desktop/AV/IMG/img_1352.jpg,12.75,45
~/Desktop/AV/IMG/img_1353.jpg,11,45
~/Desktop/AV/IMG/img_1354.jpg,11,45
~/Desktop/AV/IMG/img_1355.jpg,12.75,45
~/Desktop/AV/IMG/img_1356.jpg,12.75,45
~/Desktop/AV/IMG/img_1357.jpg,12.75,45
~/Desktop/AV/IMG/img_1358.jpg,12.75,45
~/Desktop/AV/IMG/img_1359.jpg,12.75,45
~/Desktop/AV/IMG/img_1360.jpg,12.75,45
~/Desktop/AV/IMG/img_1361.jpg,12.75,45
~/Desktop/AV/IMG/img_1362.jpg,12.75,45
~/Desktop/AV/IMG/img_1363.jpg,12.75,45
~/Desktop/AV/IMG/img_1364.jpg,15,45
~/Desktop/AV/IMG/img_1365.jpg,15,45
~/Desktop/AV/IMG/img_1366.jpg,15,45
~/Desktop/AV/IMG/img_1367.jpg,15,45
~/Desktop/AV/IMG/img_1368.jpg,12.75,45
~/Desktop/AV/IMG/img_1369.jpg,12.75,45
~/Desktop/AV/IMG/img_1370.jpg,12.75,45
~/Desktop/AV/IMG/img_1371.jpg,12.75,45
~/Desktop/AV/IMG/img_1372.jpg,17,45
~/Desktop/AV/IMG/img_1373.jpg,17,45
~/Desktop/AV/IMG/img_1374.jpg,17,45
~/Desktop/AV/IMG/img_1375.jpg,17,45
~/Desktop/AV/IMG/img_1376.jpg,17,45
~/Desktop/AV/IMG/img_1377.jpg,17,45
~/Desktop/AV/IMG/img_1378.jpg,17,45
~/Desktop/AV/IMG/img_1379.jpg,17,45
~/Desktop/AV/IMG/img_1380.jpg,17,45
~/Desktop/AV/IMG/img_1381.jpg,17,45
~/Desktop/AV/IMG/img_1382.jpg,17,45
~/Desktop/AV/IMG/img_1383.jpg,17,45
~/Desktop/AV/IMG/img_1384.jpg,17,45
~/Desktop/AV/IMG/img_1385.jpg,17,45
~/Desktop/AV/IMG/img_1386.jpg,17,45
~/Desktop/AV/IMG/img_1387.jpg,17,45
~/Desktop/AV/IMG/img_1388.jpg,17,45
~/Desktop/AV/IMG/img_1389.jpg,17,45
~/Desktop/AV/IMG/img_1390.jpg,12.75,45
~/Desktop/AV/IMG/img_1391.jpg,12.75,45
~/Desktop/AV/IMG/img_1392.jpg,12.75,45
~/Desktop/AV/IMG/img_1393.jpg,12.75,45
~/Desktop/AV/IMG/img_1394.jpg,12.75,45
~/Desktop/AV/IMG/img_1395.jpg,12.75,45
~/Desktop/AV/IMG/img_1396.jpg,12.75,45
~/Desktop/AV/IMG/img_1397.jpg,17,45
~/Desktop/AV/IMG/img_1398.jpg,17,45
~/Desktop/AV/IMG/img_1399.jpg,17,45
~/Desktop/AV/IMG/img_1400.jpg,17,45
~/Desktop/AV/IMG/img_1401.jpg,17,45
~/Desktop/AV/IMG/img_1402.jpg,17,45
~/Desktop/AV/IMG/img_1403.jpg,17,45
~/Desktop/AV/IMG/img_1404.jpg,17,45
~/Desktop/AV/IMG/img_1405.jpg,17,45
~/Desktop/AV/IMG/img_1406.jpg,17,45
~/Desktop/AV/IMG/img_1407.jpg,17,45
~/Desktop/AV/IMG/img_1408.jpg,17,45
~/Desktop/AV/IMG/img_1409.jpg,17,45
~/Desktop/AV/IMG/img_1410.jpg,17,45
~/Desktop/AV/IMG/img_1411.jpg,17,45
~/Desktop/AV/IMG/img_1412.jpg,17,45
~/Desktop/AV/IMG/img_1413.jpg,17,45
~/Desktop/AV/IMG/img_1414.jpg,17,45
~/Desktop/AV/IMG/img_1415.jpg,17,45
~/Desktop/AV/IMG/img_1416.jpg,17,45
~/Desktop/AV/IMG/img_1417.jpg,12.75,45
~/Desktop/AV/IMG/img_1418.jpg,12.75,45
~/Desktop/AV/IMG/img_1419.jpg,12.75,45
~/Desktop/AV/IMG/img_1420.jpg,12.75,45
~/Desktop/AV/IMG/img_1421.jpg,12.75,45
~/Desktop/AV/IMG/img_1422.jpg,12.75,45
~/Desktop/AV/IMG/img_1423.jpg,12.75,45
~/Desktop/AV/IMG/img_1424.jpg,12.75,45
~/Desktop/AV/IMG/img_1425.jpg,12.75,45
~/Desktop/AV/IMG/img_1426.jpg,12.75,45
~/Desktop/AV/IMG/img_1427.jpg,12.75,45
~/Desktop/AV/IMG/img_1428.jpg,11,45
~/Desktop/AV/IMG/img_1429.jpg,11,45
~/Desktop/AV/IMG/img_1430.jpg,11,45
~/Desktop/AV/IMG/img_1431.jpg,11,45
~/Desktop/AV/IMG/img_1432.jpg,11,45
~/Desktop/AV/IMG/img_1433.jpg,12.75,45
~/Desktop/AV/IMG/img_1434.jpg,12.75,45
~/Desktop/AV/IMG/img_1435.jpg,12.75,45
~/Desktop/AV/IMG/img_1436.jpg,12.75,45
~/Desktop/AV/IMG/img_1437.jpg,12.75,45
~/Desktop/AV/IMG/img_1438.jpg,12.75,45
~/Desktop/AV/IMG/img_1439.jpg,12.75,45
~/Desktop/AV/IMG/img_1440.jpg,12.75,45
~/Desktop/AV/IMG/img_1441.jpg,12.75,45
~/Desktop/AV/IMG/img_1442.jpg,12.75,45
~/Desktop/AV/IMG/img_1443.jpg,12.75,45
~/Desktop/AV/IMG/img_1444.jpg,12.75,45
~/Desktop/AV/IMG/img_1445.jpg,12.75,45
~/Desktop/AV/IMG/img_1446.jpg,12.75,45
~/Desktop/AV/IMG/img_1447.jpg,12.75,45
~/Desktop/AV/IMG/img_1448.jpg,12.75,45
~/Desktop/AV/IMG/img_1449.jpg,12.75,45
~/Desktop/AV/IMG/img_1450.jpg,17,45
~/Desktop/AV/IMG/img_1451.jpg,17,45
~/Desktop/AV/IMG/img_1452.jpg,17,45
~/Desktop/AV/IMG/img_1453.jpg,17,45
~/Desktop/AV/IMG/img_1454.jpg,17,45
~/Desktop/AV/IMG/img_1455.jpg,17,45
~/Desktop/AV/IMG/img_1456.jpg,17,45
~/Desktop/AV/IMG/img_1457.jpg,17,45
~/Desktop/AV/IMG/img_1458.jpg,17,45
~/Desktop/AV/IMG/img_1459.jpg,17,45
~/Desktop/AV/IMG/img_1460.jpg,17,45
~/Desktop/AV/IMG/img_1461.jpg,17,45
~/Desktop/AV/IMG/img_1462.jpg,17,45
~/Desktop/AV/IMG/img_1463.jpg,17,45
~/Desktop/AV/IMG/img_1464.jpg,17,45
~/Desktop/AV/IMG/img_1465.jpg,17,45
~/Desktop/AV/IMG/img_1466.jpg,17,45
~/Desktop/AV/IMG/img_1467.jpg,17,45
~/Desktop/AV/IMG/img_1468.jpg,17,45
~/Desktop/AV/IMG/img_1469.jpg,17,45
~/Desktop/AV/IMG/img_1470.jpg,17,45
~/Desktop/AV/IMG/img_1471.jpg,17,45
~/Desktop/AV/IMG/img_1472.jpg,17,45
~/Desktop/AV/IMG/img_1473.jpg,17,45
~/Desktop/AV/IMG/img_1474.jpg,17,45
~/Desktop/AV/IMG/img_1475.jpg,17,45
~/Desktop/AV/IMG/img_1476.jpg,17,45
~/Desktop/AV/IMG/img_1477.jpg,17,45
~/Desktop/AV/IMG/img_1478.jpg,17,45
~/Desktop/AV/IMG/img_1479.jpg,17,45
~/Desktop/AV/IMG/img_1480.jpg,17,45
~/Desktop/AV/IMG/img_1481.jpg,17,45
~/Desktop/AV/IMG/img_1482.jpg,17,45
~/Desktop/AV/IMG/img_1483.jpg,17,45
~/Desktop/AV/IMG/img_1484.jpg,17,45
~/Desktop/AV/IMG/img_1485.jpg,17,45
~/Desktop/AV/IMG/img_1486.jpg,12.75,45
~/Desktop/AV/IMG/img_1487.jpg,12.75,45
~/Desktop/AV/IMG/img_1488.jpg,12.75,45
~/Desktop/AV/IMG/img_1489.jpg,12.75,45
~/Desktop/AV/IMG/img_1490.jpg,12.75,45
~/Desktop/AV/IMG/img_1491.jpg,12.75,45
~/Desktop/AV/IMG/img_1492.jpg,11,45
~/Desktop/AV/IMG/img_1493.jpg,11,45
~/Desktop/AV/IMG/img_1494.jpg,11,45
~/Desktop/AV/IMG/img_1495.jpg,11,45
~/Desktop/AV/IMG/img_1496.jpg,11,45
~/Desktop/AV/IMG/img_1497.jpg,12.75,45
~/Desktop/AV/IMG/img_1498.jpg,12.75,45
~/Desktop/AV/IMG/img_1499.jpg,12.75,45
~/Desktop/AV/IMG/img_1500.jpg,12.75,45
~/Desktop/AV/IMG/img_1501.jpg,17,45
~/Desktop/AV/IMG/img_1502.jpg,17,45
~/Desktop/AV/IMG/img_1503.jpg,17,45
~/Desktop/AV/IMG/img_1504.jpg,17,45
~/Desktop/AV/IMG/img_1505.jpg,17,45
~/Desktop/AV/IMG/img_1506.jpg,17,45
~/Desktop/AV/IMG/img_1507.jpg,17,45
~/Desktop/AV/IMG/img_1508.jpg,17,45
~/Desktop/AV/IMG/img_1509.jpg,17,45
~/Desktop/AV/IMG/img_1510.jpg,17,45
~/Desktop/AV/IMG/img_1511.jpg,17,45
~/Desktop/AV/IMG/img_1512.jpg,17,45
~/Desktop/AV/IMG/img_1513.jpg,17,45
~/Desktop/AV/IMG/img_1514.jpg,17,45
~/Desktop/AV/IMG/img_1515.jpg,17,45
~/Desktop/AV/IMG/img_1516.jpg,17,45
~/Desktop/AV/IMG/img_1517.jpg,17,45
~/Desktop/AV/IMG/img_1518.jpg,12.75,45
~/Desktop/AV/IMG/img_1519.jpg,12.75,45
~/Desktop/AV/IMG/img_1520.jpg,12.75,45
~/Desktop/AV/IMG/img_1521.jpg,12.75,45
~/Desktop/AV/IMG/img_1522.jpg,12.75,45
~/Desktop/AV/IMG/img_1523.jpg,12.75,45
~/Desktop/AV/IMG/img_1524.jpg,12.75,45
~/Desktop/AV/IMG/img_1525.jpg,12.75,45
~/Desktop/AV/IMG/img_1526.jpg,15,45
~/Desktop/AV/IMG/img_1527.jpg,15,45
~/Desktop/AV/IMG/img_1528.jpg,15,45
~/Desktop/AV/IMG/img_1529.jpg,12.75,45
~/Desktop/AV/IMG/img_1530.jpg,12.75,45
~/Desktop/AV/IMG/img_1531.jpg,12.75,45
~/Desktop/AV/IMG/img_1532.jpg,12.75,45
~/Desktop/AV/IMG/img_1533.jpg,12.75,45
~/Desktop/AV/IMG/img_1534.jpg,12.75,45
~/Desktop/AV/IMG/img_1535.jpg,12.75,45
~/Desktop/AV/IMG/img_1536.jpg,12.75,45
~/Desktop/AV/IMG/img_1537.jpg,12.75,45
~/Desktop/AV/IMG/img_1538.jpg,12.75,45
~/Desktop/AV/IMG/img_1539.jpg,12.75,45
~/Desktop/AV/IMG/img_1540.jpg,12.75,45
~/Desktop/AV/IMG/img_1541.jpg,12.75,45
~/Desktop/AV/IMG/img_1542.jpg,12.75,45
~/Desktop/AV/IMG/img_1543.jpg,12.75,45
~/Desktop/AV/IMG/img_1544.jpg,12.75,45
~/Desktop/AV/IMG/img_1545.jpg,12.75,45
~/Desktop/AV/IMG/img_1546.jpg,17,45
~/Desktop/AV/IMG/img_1547.jpg,17,45
~/Desktop/AV/IMG/img_1548.jpg,17,45
~/Desktop/AV/IMG/img_1549.jpg,17,45
~/Desktop/AV/IMG/img_1550.jpg,17,45
~/Desktop/AV/IMG/img_1551.jpg,17,45
~/Desktop/AV/IMG/img_1552.jpg,17,45
~/Desktop/AV/IMG/img_1553.jpg,17,45
~/Desktop/AV/IMG/img_1554.jpg,17,45
~/Desktop/AV/IMG/img_1555.jpg,17,45
~/Desktop/AV/IMG/img_1556.jpg,17,45
~/Desktop/AV/IMG/img_1557.jpg,17,45
~/Desktop/AV/IMG/img_1558.jpg,17,45
~/Desktop/AV/IMG/img_1559.jpg,17,45
~/Desktop/AV/IMG/img_1560.jpg,17,45
~/Desktop/AV/IMG/img_1561.jpg,17,45
~/Desktop/AV/IMG/img_1562.jpg,17,45
~/Desktop/AV/IMG/img_1563.jpg,17,45
~/Desktop/AV/IMG/img_1564.jpg,17,45
~/Desktop/AV/IMG/img_1565.jpg,12.75,45
~/Desktop/AV/IMG/img_1566.jpg,12.75,45
~/Desktop/AV/IMG/img_1567.jpg,12.75,45
~/Desktop/AV/IMG/img_1568.jpg,12.75,45
~/Desktop/AV/IMG/img_1569.jpg,12.75,45
~/Desktop/AV/IMG/img_1570.jpg,12.75,45
~/Desktop/AV/IMG/img_1571.jpg,17,45
~/Desktop/AV/IMG/img_1572.jpg,17,45
~/Desktop/AV/IMG/img_1573.jpg,17,45
~/Desktop/AV/IMG/img_1574.jpg,17,45
~/Desktop/AV/IMG/img_1575.jpg,17,45
~/Desktop/AV/IMG/img_1576.jpg,17,45
~/Desktop/AV/IMG/img_1577.jpg,17,45
~/Desktop/AV/IMG/img_1578.jpg,17,45
~/Desktop/AV/IMG/img_1579.jpg,17,45
~/Desktop/AV/IMG/img_1580.jpg,17,45
~/Desktop/AV/IMG/img_1581.jpg,17,45
~/Desktop/AV/IMG/img_1582.jpg,17,45
~/Desktop/AV/IMG/img_1583.jpg,17,45
~/Desktop/AV/IMG/img_1584.jpg,17,45
~/Desktop/AV/IMG/img_1585.jpg,17,45
~/Desktop/AV/IMG/img_1586.jpg,17,45
~/Desktop/AV/IMG/img_1587.jpg,17,45
~/Desktop/AV/IMG/img_1588.jpg,17,45
~/Desktop/AV/IMG/img_1589.jpg,17,45
~/Desktop/AV/IMG/img_1590.jpg,17,45
~/Desktop/AV/IMG/img_1591.jpg,17,45
~/Desktop/AV/IMG/img_1592.jpg,12.75,45
~/Desktop/AV/IMG/img_1593.jpg,12.75,45
~/Desktop/AV/IMG/img_1594.jpg,12.75,45
~/Desktop/AV/IMG/img_1595.jpg,12.75,45
~/Desktop/AV/IMG/img_1596.jpg,12.75,45
~/Desktop/AV/IMG/img_1597.jpg,12.75,45
~/Desktop/AV/IMG/img_1598.jpg,12.75,45
~/Desktop/AV/IMG/img_1599.jpg,12.75,45
~/Desktop/AV/IMG/img_1600.jpg,12.75,45
~/Desktop/AV/IMG/img_1601.jpg,12.75,45
~/Desktop/AV/IMG/img_1602.jpg,12.75,45
~/Desktop/AV/IMG/img_1603.jpg,12.75,45
~/Desktop/AV/IMG/img_1604.jpg,11,45
~/Desktop/AV/IMG/img_1605.jpg,11,45
~/Desktop/AV/IMG/img_1606.jpg,11,45
~/Desktop/AV/IMG/img_1607.jpg,11,45
~/Desktop/AV/IMG/img_1608.jpg,11,45
~/Desktop/AV/IMG/img_1609.jpg,12.75,45
~/Desktop/AV/IMG/img_1610.jpg,12.75,45
~/Desktop/AV/IMG/img_1611.jpg,12.75,45
~/Desktop/AV/IMG/img_1612.jpg,12.75,45
~/Desktop/AV/IMG/img_1613.jpg,12.75,45
~/Desktop/AV/IMG/img_1614.jpg,12.75,45
~/Desktop/AV/IMG/img_1615.jpg,12.75,45
~/Desktop/AV/IMG/img_1616.jpg,12.75,45
~/Desktop/AV/IMG/img_1617.jpg,12.75,45
~/Desktop/AV/IMG/img_1618.jpg,12.75,45
~/Desktop/AV/IMG/img_1619.jpg,12.75,45
~/Desktop/AV/IMG/img_1620.jpg,12.75,45
~/Desktop/AV/IMG/img_1621.jpg,12.75,45
~/Desktop/AV/IMG/img_1622.jpg,12.75,45
~/Desktop/AV/IMG/img_1623.jpg,17,45
~/Desktop/AV/IMG/img_1624.jpg,17,45
~/Desktop/AV/IMG/img_1625.jpg,17,45
~/Desktop/AV/IMG/img_1626.jpg,17,45
~/Desktop/AV/IMG/img_1627.jpg,17,45
~/Desktop/AV/IMG/img_1628.jpg,17,45
~/Desktop/AV/IMG/img_1629.jpg,17,45
~/Desktop/AV/IMG/img_1630.jpg,17,45
~/Desktop/AV/IMG/img_1631.jpg,17,45
~/Desktop/AV/IMG/img_1632.jpg,17,45
~/Desktop/AV/IMG/img_1633.jpg,17,45
~/Desktop/AV/IMG/img_1634.jpg,17,45
~/Desktop/AV/IMG/img_1635.jpg,17,45
~/Desktop/AV/IMG/img_1636.jpg,17,45
~/Desktop/AV/IMG/img_1637.jpg,17,45
~/Desktop/AV/IMG/img_1638.jpg,17,45
~/Desktop/AV/IMG/img_1639.jpg,17,45
~/Desktop/AV/IMG/img_1640.jpg,17,45
~/Desktop/AV/IMG/img_1641.jpg,17,45
~/Desktop/AV/IMG/img_1642.jpg,17,45
~/Desktop/AV/IMG/img_1643.jpg,17,45
~/Desktop/AV/IMG/img_1644.jpg,17,45
~/Desktop/AV/IMG/img_1645.jpg,17,45
~/Desktop/AV/IMG/img_1646.jpg,17,45
~/Desktop/AV/IMG/img_1647.jpg,17,45
~/Desktop/AV/IMG/img_1648.jpg,17,45
~/Desktop/AV/IMG/img_1649.jpg,17,45
~/Desktop/AV/IMG/img_1650.jpg,12.75,45
~/Desktop/AV/IMG/img_1651.jpg,12.75,45
~/Desktop/AV/IMG/img_1652.jpg,12.75,45
~/Desktop/AV/IMG/img_1653.jpg,12.75,45
~/Desktop/AV/IMG/img_1654.jpg,12.75,45
~/Desktop/AV/IMG/img_1655.jpg,12.75,45
~/Desktop/AV/IMG/img_1656.jpg,12.75,45
~/Desktop/AV/IMG/img_1657.jpg,12.75,45
~/Desktop/AV/IMG/img_1658.jpg,12.75,45
~/Desktop/AV/IMG/img_1659.jpg,15,45
~/Desktop/AV/IMG/img_1660.jpg,15,45
~/Desktop/AV/IMG/img_1661.jpg,15,45
~/Desktop/AV/IMG/img_1662.jpg,15,45
~/Desktop/AV/IMG/img_1663.jpg,15,45
~/Desktop/AV/IMG/img_1664.jpg,12.75,45
~/Desktop/AV/IMG/img_1665.jpg,12.75,45
~/Desktop/AV/IMG/img_1666.jpg,12.75,45
~/Desktop/AV/IMG/img_1667.jpg,17,45
~/Desktop/AV/IMG/img_1668.jpg,17,45
~/Desktop/AV/IMG/img_1669.jpg,17,45
~/Desktop/AV/IMG/img_1670.jpg,17,45
~/Desktop/AV/IMG/img_1671.jpg,17,45
~/Desktop/AV/IMG/img_1672.jpg,17,45
~/Desktop/AV/IMG/img_1673.jpg,17,45
~/Desktop/AV/IMG/img_1674.jpg,17,45
~/Desktop/AV/IMG/img_1675.jpg,17,45
~/Desktop/AV/IMG/img_1676.jpg,17,45
~/Desktop/AV/IMG/img_1677.jpg,17,45
~/Desktop/AV/IMG/img_1678.jpg,17,45
~/Desktop/AV/IMG/img_1679.jpg,17,45
~/Desktop/AV/IMG/img_1680.jpg,17,45
~/Desktop/AV/IMG/img_1681.jpg,17,45
~/Desktop/AV/IMG/img_1682.jpg,17,45
~/Desktop/AV/IMG/img_1683.jpg,17,45
~/Desktop/AV/IMG/img_1684.jpg,12.75,45
~/Desktop/AV/IMG/img_1685.jpg,12.75,45
~/Desktop/AV/IMG/img_1686.jpg,12.75,45
~/Desktop/AV/IMG/img_1687.jpg,12.75,45
~/Desktop/AV/IMG/img_1688.jpg,12.75,45
~/Desktop/AV/IMG/img_1689.jpg,12.75,45
~/Desktop/AV/IMG/img_1690.jpg,12.75,45
~/Desktop/AV/IMG/img_1691.jpg,12.75,45
~/Desktop/AV/IMG/img_1692.jpg,12.75,45
~/Desktop/AV/IMG/img_1693.jpg,15,45
~/Desktop/AV/IMG/img_1694.jpg,15,45
~/Desktop/AV/IMG/img_1695.jpg,15,45
~/Desktop/AV/IMG/img_1696.jpg,15,45
~/Desktop/AV/IMG/img_1697.jpg,12.75,45
~/Desktop/AV/IMG/img_1698.jpg,12.75,45
~/Desktop/AV/IMG/img_1699.jpg,12.75,45
~/Desktop/AV/IMG/img_1700.jpg,12.75,45
~/Desktop/AV/IMG/img_1701.jpg,12.75,45
~/Desktop/AV/IMG/img_1702.jpg,11,45
~/Desktop/AV/IMG/img_1703.jpg,11,45
~/Desktop/AV/IMG/img_1704.jpg,11,45
~/Desktop/AV/IMG/img_1705.jpg,12.75,45
~/Desktop/AV/IMG/img_1706.jpg,12.75,45
~/Desktop/AV/IMG/img_1707.jpg,12.75,45
~/Desktop/AV/IMG/img_1708.jpg,12.75,45
~/Desktop/AV/IMG/img_1709.jpg,12.75,45
~/Desktop/AV/IMG/img_1710.jpg,12.75,45
~/Desktop/AV/IMG/img_1711.jpg,12.75,45
~/Desktop/AV/IMG/img_1712.jpg,12.75,45
~/Desktop/AV/IMG/img_1713.jpg,17,45
~/Desktop/AV/IMG/img_1714.jpg,17,45
~/Desktop/AV/IMG/img_1715.jpg,17,45
~/Desktop/AV/IMG/img_1716.jpg,17,45
~/Desktop/AV/IMG/img_1717.jpg,17,45
~/Desktop/AV/IMG/img_1718.jpg,17,45
~/Desktop/AV/IMG/img_1719.jpg,17,45
~/Desktop/AV/IMG/img_1720.jpg,17,45
~/Desktop/AV/IMG/img_1721.jpg,17,45
~/Desktop/AV/IMG/img_1722.jpg,17,45
~/Desktop/AV/IMG/img_1723.jpg,17,45
~/Desktop/AV/IMG/img_1724.jpg,17,45
~/Desktop/AV/IMG/img_1725.jpg,17,45
~/Desktop/AV/IMG/img_1726.jpg,17,45
~/Desktop/AV/IMG/img_1727.jpg,17,45
~/Desktop/AV/IMG/img_1728.jpg,17,45
~/Desktop/AV/IMG/img_1729.jpg,12.75,45
~/Desktop/AV/IMG/img_1730.jpg,12.75,45
~/Desktop/AV/IMG/img_1731.jpg,12.75,45
~/Desktop/AV/IMG/img_1732.jpg,12.75,45
~/Desktop/AV/IMG/img_1733.jpg,12.75,45
~/Desktop/AV/IMG/img_1734.jpg,12.75,45
~/Desktop/AV/IMG/img_1735.jpg,17,45
~/Desktop/AV/IMG/img_1736.jpg,17,45
~/Desktop/AV/IMG/img_1737.jpg,17,45
~/Desktop/AV/IMG/img_1738.jpg,17,45
~/Desktop/AV/IMG/img_1739.jpg,17,45
~/Desktop/AV/IMG/img_1740.jpg,17,45
~/Desktop/AV/IMG/img_1741.jpg,17,45
~/Desktop/AV/IMG/img_1742.jpg,17,45
~/Desktop/AV/IMG/img_1743.jpg,17,45
~/Desktop/AV/IMG/img_1744.jpg,17,45
~/Desktop/AV/IMG/img_1745.jpg,17,45
~/Desktop/AV/IMG/img_1746.jpg,17,45
~/Desktop/AV/IMG/img_1747.jpg,17,45
~/Desktop/AV/IMG/img_1748.jpg,17,45
~/Desktop/AV/IMG/img_1749.jpg,17,45
~/Desktop/AV/IMG/img_1750.jpg,17,45
~/Desktop/AV/IMG/img_1751.jpg,17,45
~/Desktop/AV/IMG/img_1752.jpg,17,45
~/Desktop/AV/IMG/img_1753.jpg,17,45
~/Desktop/AV/IMG/img_1754.jpg,17,45
~/Desktop/AV/IMG/img_1755.jpg,17,45
~/Desktop/AV/IMG/img_1756.jpg,17,45
~/Desktop/AV/IMG/img_1757.jpg,17,45
~/Desktop/AV/IMG/img_1758.jpg,17,45
~/Desktop/AV/IMG/img_1759.jpg,12.75,45
~/Desktop/AV/IMG/img_1760.jpg,12.75,45
~/Desktop/AV/IMG/img_1761.jpg,12.75,45
~/Desktop/AV/IMG/img_1762.jpg,12.75,45
~/Desktop/AV/IMG/img_1763.jpg,12.75,45
~/Desktop/AV/IMG/img_1764.jpg,12.75,45
~/Desktop/AV/IMG/img_1765.jpg,12.75,45
~/Desktop/AV/IMG/img_1766.jpg,12.75,45
~/Desktop/AV/IMG/img_1767.jpg,12.75,45
~/Desktop/AV/IMG/img_1768.jpg,12.75,45
~/Desktop/AV/IMG/img_1769.jpg,12.75,45
~/Desktop/AV/IMG/img_1770.jpg,12.75,45
~/Desktop/AV/IMG/img_1771.jpg,12.75,45
~/Desktop/AV/IMG/img_1772.jpg,12.75,45
~/Desktop/AV/IMG/img_1773.jpg,12.75,45
~/Desktop/AV/IMG/img_1774.jpg,12.75,45
~/Desktop/AV/IMG/img_1775.jpg,12.75,45
~/Desktop/AV/IMG/img_1776.jpg,12.75,45
~/Desktop/AV/IMG/img_1777.jpg,12.75,45
~/Desktop/AV/IMG/img_1778.jpg,12.75,45
~/Desktop/AV/IMG/img_1779.jpg,12.75,45
~/Desktop/AV/IMG/img_1780.jpg,11,45
~/Desktop/AV/IMG/img_1781.jpg,11,45
~/Desktop/AV/IMG/img_1782.jpg,12.75,45
~/Desktop/AV/IMG/img_1783.jpg,12.75,45
~/Desktop/AV/IMG/img_1784.jpg,12.75,45
~/Desktop/AV/IMG/img_1785.jpg,12.75,45
~/Desktop/AV/IMG/img_1786.jpg,12.75,45
~/Desktop/AV/IMG/img_1787.jpg,12.75,45
~/Desktop/AV/IMG/img_1788.jpg,12.75,45
~/Desktop/AV/IMG/img_1789.jpg,12.75,45
~/Desktop/AV/IMG/img_1790.jpg,17,45
~/Desktop/AV/IMG/img_1791.jpg,17,45
~/Desktop/AV/IMG/img_1792.jpg,17,45
~/Desktop/AV/IMG/img_1793.jpg,17,45
~/Desktop/AV/IMG/img_1794.jpg,17,45
~/Desktop/AV/IMG/img_1795.jpg,17,45
~/Desktop/AV/IMG/img_1796.jpg,17,45
~/Desktop/AV/IMG/img_1797.jpg,17,45
~/Desktop/AV/IMG/img_1798.jpg,17,45
~/Desktop/AV/IMG/img_1799.jpg,17,45
~/Desktop/AV/IMG/img_1800.jpg,17,45
~/Desktop/AV/IMG/img_1801.jpg,17,45
~/Desktop/AV/IMG/img_1802.jpg,17,45
~/Desktop/AV/IMG/img_1803.jpg,17,45
~/Desktop/AV/IMG/img_1804.jpg,17,45
~/Desktop/AV/IMG/img_1805.jpg,17,45
~/Desktop/AV/IMG/img_1806.jpg,17,45
~/Desktop/AV/IMG/img_1807.jpg,17,45
~/Desktop/AV/IMG/img_1808.jpg,17,45
~/Desktop/AV/IMG/img_1809.jpg,17,45
~/Desktop/AV/IMG/img_1810.jpg,17,45
~/Desktop/AV/IMG/img_1811.jpg,17,45
~/Desktop/AV/IMG/img_1812.jpg,17,45
~/Desktop/AV/IMG/img_1813.jpg,17,45
~/Desktop/AV/IMG/img_1814.jpg,17,45
~/Desktop/AV/IMG/img_1815.jpg,17,45
~/Desktop/AV/IMG/img_1816.jpg,17,45
~/Desktop/AV/IMG/img_1817.jpg,17,45
~/Desktop/AV/IMG/img_1818.jpg,17,45
~/Desktop/AV/IMG/img_1819.jpg,12.75,45
~/Desktop/AV/IMG/img_1820.jpg,12.75,45
~/Desktop/AV/IMG/img_1821.jpg,12.75,45
~/Desktop/AV/IMG/img_1822.jpg,12.75,45
~/Desktop/AV/IMG/img_1823.jpg,12.75,45
~/Desktop/AV/IMG/img_1824.jpg,12.75,45
~/Desktop/AV/IMG/img_1825.jpg,12.75,45
~/Desktop/AV/IMG/img_1826.jpg,12.75,45
~/Desktop/AV/IMG/img_1827.jpg,12.75,45
~/Desktop/AV/IMG/img_1828.jpg,12.75,45
~/Desktop/AV/IMG/img_1829.jpg,12.75,45
~/Desktop/AV/IMG/img_1830.jpg,12.75,45
~/Desktop/AV/IMG/img_1831.jpg,12.75,45
~/Desktop/AV/IMG/img_1832.jpg,12.75,45
~/Desktop/AV/IMG/img_1833.jpg,12.75,45
~/Desktop/AV/IMG/img_1834.jpg,17,45
~/Desktop/AV/IMG/img_1835.jpg,17,45
~/Desktop/AV/IMG/img_1836.jpg,17,45
~/Desktop/AV/IMG/img_1837.jpg,17,45
~/Desktop/AV/IMG/img_1838.jpg,17,45
~/Desktop/AV/IMG/img_1839.jpg,17,45
~/Desktop/AV/IMG/img_1840.jpg,17,45
~/Desktop/AV/IMG/img_1841.jpg,17,45
~/Desktop/AV/IMG/img_1842.jpg,17,45
~/Desktop/AV/IMG/img_1843.jpg,17,45
~/Desktop/AV/IMG/img_1844.jpg,17,45
~/Desktop/AV/IMG/img_1845.jpg,17,45
~/Desktop/AV/IMG/img_1846.jpg,17,45
~/Desktop/AV/IMG/img_1847.jpg,17,45
~/Desktop/AV/IMG/img_1848.jpg,17,45
~/Desktop/AV/IMG/img_1849.jpg,17,45
~/Desktop/AV/IMG/img_1850.jpg,17,45
~/Desktop/AV/IMG/img_1851.jpg,17,45
~/Desktop/AV/IMG/img_1852.jpg,17,45
~/Desktop/AV/IMG/img_1853.jpg,12.75,45
~/Desktop/AV/IMG/img_1854.jpg,12.75,45
~/Desktop/AV/IMG/img_1855.jpg,12.75,45
~/Desktop/AV/IMG/img_1856.jpg,12.75,45
~/Desktop/AV/IMG/img_1857.jpg,12.75,45
~/Desktop/AV/IMG/img_1858.jpg,12.75,45
~/Desktop/AV/IMG/img_1859.jpg,12.75,45
~/Desktop/AV/IMG/img_1860.jpg,12.75,45
~/Desktop/AV/IMG/img_1861.jpg,12.75,45
~/Desktop/AV/IMG/img_1862.jpg,12.75,45
~/Desktop/AV/IMG/img_1863.jpg,12.75,45
~/Desktop/AV/IMG/img_1864.jpg,12.75,45
~/Desktop/AV/IMG/img_1865.jpg,12.75,45
~/Desktop/AV/IMG/img_1866.jpg,12.75,45
~/Desktop/AV/IMG/img_1867.jpg,12.75,45
~/Desktop/AV/IMG/img_1868.jpg,12.75,45
~/Desktop/AV/IMG/img_1869.jpg,12.75,45
~/Desktop/AV/IMG/img_1870.jpg,12.75,45
~/Desktop/AV/IMG/img_1871.jpg,12.75,45
~/Desktop/AV/IMG/img_1872.jpg,12.75,45
~/Desktop/AV/IMG/img_1873.jpg,15,45
~/Desktop/AV/IMG/img_1874.jpg,15,45
~/Desktop/AV/IMG/img_1875.jpg,15,45
~/Desktop/AV/IMG/img_1876.jpg,15,45
~/Desktop/AV/IMG/img_1877.jpg,12.75,45
~/Desktop/AV/IMG/img_1878.jpg,12.75,45
~/Desktop/AV/IMG/img_1879.jpg,12.75,45
~/Desktop/AV/IMG/img_1880.jpg,12.75,45
~/Desktop/AV/IMG/img_1881.jpg,12.75,45
~/Desktop/AV/IMG/img_1882.jpg,12.75,45
~/Desktop/AV/IMG/img_1883.jpg,12.75,45
~/Desktop/AV/IMG/img_1884.jpg,12.75,45
~/Desktop/AV/IMG/img_1885.jpg,12.75,45
~/Desktop/AV/IMG/img_1886.jpg,12.75,45
~/Desktop/AV/IMG/img_1887.jpg,17,45
~/Desktop/AV/IMG/img_1888.jpg,17,45
~/Desktop/AV/IMG/img_1889.jpg,17,45
~/Desktop/AV/IMG/img_1890.jpg,17,45
~/Desktop/AV/IMG/img_1891.jpg,17,45
~/Desktop/AV/IMG/img_1892.jpg,17,45
~/Desktop/AV/IMG/img_1893.jpg,17,45
~/Desktop/AV/IMG/img_1894.jpg,17,45
~/Desktop/AV/IMG/img_1895.jpg,17,45
~/Desktop/AV/IMG/img_1896.jpg,17,45
~/Desktop/AV/IMG/img_1897.jpg,17,45
~/Desktop/AV/IMG/img_1898.jpg,17,45
~/Desktop/AV/IMG/img_1899.jpg,17,45
~/Desktop/AV/IMG/img_1900.jpg,17,45
~/Desktop/AV/IMG/img_1901.jpg,17,45
~/Desktop/AV/IMG/img_1902.jpg,12.75,45
~/Desktop/AV/IMG/img_1903.jpg,12.75,45
~/Desktop/AV/IMG/img_1904.jpg,12.75,45
~/Desktop/AV/IMG/img_1905.jpg,12.75,45
~/Desktop/AV/IMG/img_1906.jpg,12.75,45
~/Desktop/AV/IMG/img_1907.jpg,12.75,45
~/Desktop/AV/IMG/img_1908.jpg,17,45
~/Desktop/AV/IMG/img_1909.jpg,17,45
~/Desktop/AV/IMG/img_1910.jpg,17,45
~/Desktop/AV/IMG/img_1911.jpg,17,45
~/Desktop/AV/IMG/img_1912.jpg,17,45
~/Desktop/AV/IMG/img_1913.jpg,17,45
~/Desktop/AV/IMG/img_1914.jpg,17,45
~/Desktop/AV/IMG/img_1915.jpg,17,45
~/Desktop/AV/IMG/img_1916.jpg,17,45
~/Desktop/AV/IMG/img_1917.jpg,17,45
~/Desktop/AV/IMG/img_1918.jpg,17,45
~/Desktop/AV/IMG/img_1919.jpg,17,45
~/Desktop/AV/IMG/img_1920.jpg,17,45
~/Desktop/AV/IMG/img_1921.jpg,17,45
~/Desktop/AV/IMG/img_1922.jpg,17,45
~/Desktop/AV/IMG/img_1923.jpg,17,45
~/Desktop/AV/IMG/img_1924.jpg,17,45
~/Desktop/AV/IMG/img_1925.jpg,17,45
~/Desktop/AV/IMG/img_1926.jpg,17,45
~/Desktop/AV/IMG/img_1927.jpg,17,45
~/Desktop/AV/IMG/img_1928.jpg,17,45
~/Desktop/AV/IMG/img_1929.jpg,17,45
